FAC1_1,FAC2_1,FAC3_1,FAC4_1,FAC5_1
1.65494990615634,-.493717689058043,-.673188111822196,1.52545399449563,1.0985606793968
.104978603899277,-.586974219262508,-.900179395594673,1.37244473413649,-.188870659614533
.744611977800992,.148043977717026,.0942212330785894,.50866678639289,.416030268771668
-.632161092111026,-1.50400055481708,.917717576202085,1.06492538855731,.18831911633687
.0114250826546713,.870029539090131,1.13827975022114,.54912136218564,.179088549266531
.298064760205603,.195049757236146,.402574846008488,-1.29470236915055,-1.53797656980989
-.481406661556057,.70969510036857,1.38034510525168,.343456522800257,.71468336529313
-.686156815860926,.308485372649015,-.864217238546208,-.648933811215718,.442500053330304
-.272305035242438,.946186923208456,2.08884655619571,.0808072585933673,.983057395413356
.555463780728694,-.121973092356738,-1.30297878861846,-.818063117361433,.459796090178059
1.64552807415817,.759197148632559,.125087004505059,.0379361044266188,1.89496380652836
.367191179500814,-.19025498142499,-1.32939797752879,2.94993581001202,3.00211709906565
1.1082664654335,.44567550999691,.11052517291196,-.215893511192632,.978697841619642
1.30839657262534,.495891517504165,.625638803526606,.323347573128803,1.1107652303703
.66853663275689,-1.1163752626593,-2.64917673557329,-2.56846994237843,2.00279627124643
-1.45950345452754,.0371699700874542,-.824323821743419,-.297396196252391,1.47283293689939
-1.028583271592,-.429760133591712,-.177348195395558,-.456931715553529,.613228837309851
-.534819658387869,.55439142190964,.630545778408993,.230821026002111,.285410505639906
-.688779981670972,.56965979987092,1.52423745812318,-.320430000936225,-.443568603745578
-.17658374457784,-.345413927429847,.144878041059577,1.2123304933836,-.773251589562592
.966796261135137,1.66354776028469,-.34579199996242,-.292374490918191,-.395732687526242
-.99413865512699,.116721290137192,.180651567811397,-.940745002331793,-.432523994212648
.446547350943432,.1314762851613,1.0283199231897,.405076164023252,-.174495495940609
.677224668976028,.110870794963598,-1.11597337905343,-.147215597585828,-.462905416627945
-1.44502909647592,3.34749846646967,.15899253693959,-.541672343997239,.230141830449201
-1.58646027605515,1.36275195944569,1.23748958429816,1.00473954739889,-1.1508723250367
-.733764935110908,-1.18011774665088,-.109580726180701,.570356320807767,.599662359999746
.60972253593815,-.244634390854956,-.129441250250078,1.36140209066728,-.036565673377469
-.201190236144264,-.990311357903074,-.35010370000379,2.01230118679542,-2.04582103666149
.167844873690498,-.969671231684474,.776544967619979,1.35811967578077,-.143113497096246
-.194915566332015,.338549716422112,.151627058886603,-.134968352127931,-.907339618567005
-.876584115143828,.556186090159676,1.04895902288333,1.12420826647202,.895866855444873
-.423077109588606,-.652978324461661,.825254543004689,.00939553430652401,.297807034262178
1.10593023205556,.328505017943442,.139515442253497,.464587072192657,-1.19728816227658
-.94904358007711,.190122832578818,-.663661971731159,.447848695577333,.335636044849611
-1.38593702791774,-.71451330816559,.224311519147343,-.345861893406426,.960055131635592
1.16165542641372,-.915270952632775,-.803534975875513,1.50124015398762,1.30042982142159
-.663850579685395,1.69394510021709,.539083997674034,-.580465273368585,-.152762129867262
.238286854111901,-.209923277374688,2.30476815441514,-.261479485914863,1.38119458224778
.567091771512674,1.76480643443372,1.29265913658096,.521009358403901,.669945307578902
.254185510413634,.550915007864395,.254986946807751,-.374010018911599,1.28708369790888
-.731801802702691,.0395452669733746,1.66969608421787,-.509793269476987,1.92191670215854
-1.52748521531905,2.26148131353493,-2.50845539950901,.604185997492502,2.54047914582418
1.50387111625367,-1.4764855198167,.029438677670882,-.156515741129276,-.505628408467151
.553591638941856,-1.51169635740089,-1.99014371911612,1.01042876512567,-.0422873449622419
-.906693707366828,-.244810383312799,.560644192306236,.0111670269009471,.817224080932318
-.44427777424807,-.259591945327515,-1.56282284991076,2.50584743536284,3.77083628270605
-.560270230119423,.00294914466529136,.417075794431096,.132748901522876,.247971832726056
-.211977486539555,-1.0954845849327,-.87313176082279,.252868144543061,1.0025488245625
.966578007550012,.637708743879287,.2972221303966,1.54724056957708,.220448906897875
.0645855559775895,.073096575568611,-1.19065453292507,.482371844483387,-1.37866215056802
-.746561007656969,-.58277302040838,1.11442383089095,.299086886197542,-1.43797545031068
-.981761861316962,-.0512383446282137,-1.20139777039668,1.34802390500406,-1.88204226512871
.309242241561148,-.213393727373503,-.895441343996423,1.95093898924766,-2.31515772527132
-.763761508769932,1.89709493482351,1.77288116536745,.140823616235246,-1.09388604659999
-.96179451639222,-1.19282435403002,-.612242807508323,-.730014081006507,-.556182607876171
-.993228477839381,-.357880412404948,-.638953399685226,.227721096077468,-1.61587702867719
-.653864755884257,-.00673137551209396,-2.6041326173414,-.626126836819389,-1.35305799888247
-.652796516599518,.664657855447647,-.950319553619866,-1.17542573151128,-.317285043105286
-.520087312435747,.975604240654591,.530906263482881,2.87818154056226,.928714386359862
-1.0513703990241,1.24571885823478,.551616578707866,.450282872089753,-1.5109634514663
-.211358046941191,.775348550714914,.0478963686139517,2.152208379486,-2.38023904150582
-.0544341961289452,-1.49880340243417,1.76230752396546,-1.48951871373834,-.280307080086362
-.961302773477123,.513534774962269,-.795143079433804,.270032220362129,-.525965456485624
-.534526722164952,-1.6270986929039,-.508808051450168,.596233211113736,-.630534679671744
-.613203943758197,-.995885758588787,-1.96461957908075,-.0683325089824214,-.755455114894554
.368637652979551,-2.11540680103249,1.02879749913818,-1.95079871152716,-.678704369988405
2.28943492104023,-1.06359360336621,1.10537515843929,.355125343508329,-1.63603759358057
-.754192109714142,-.141886422051729,-.0968532222838644,-.175279055184442,-.0701943318779702
-1.32900613383984,1.12108115657737,.830820244429398,-.91552618387178,-.00668728148917911
-.535410531539131,-.106704986725911,.810115766809839,-.715440623062364,.0950456471740723
-.0887979466674233,-.319097244774234,-.159849060889732,-.881955566283175,-1.58485009256332
.92240907124085,-.675542908264803,-.628543144269251,-.00816615598303704,.417784819856264
.278075097398536,-.716153653199299,.11659966349669,-.0604953379101492,-.58960245950318
.360127701828808,.421243866988327,.959438868392154,.502723150327338,.0773282571422935
-.560776112962869,.110708810963679,.548789642902063,.295198593976896,-.683185395150902
-.629311903010753,-1.05352336284518,.594052549407885,.420293141291109,-.360093540330006
.133633047167597,-.376940908989035,.47396083333494,-1.14427479612709,.400811558445328
-1.0962001439377,-.848269001770179,.663038930646174,-.0506590839426941,.104099128773759
.753862962435113,-.48489850238517,-.347861372785994,.263115874868886,.214092896484127
.162936598615281,1.58649557906523,-.982271639081475,-1.20624657927541,-.565550110890775
-.54424595187727,.0109162561409954,1.13529036529905,-.64022655372951,.550499600559506
-.679969040315557,.780601168291471,.767296313550156,.0153978173829758,.823655410079108
-.0794242374968981,-.120799461843344,-.56274677994391,.013047097123535,.674416063989037
1.59348625543446,.278521552124705,.307072783726876,-.282573741906138,-.685777369202142
.35155546155894,-.0409260518043851,1.2363538325503,-.59067620764513,.510085559397243
.388066939384999,.325287469462572,-.582711647612239,-.0870751581482434,-.574425138482717
-.810523284852489,.637717341063967,-.509469444484461,-.635309642783494,-.310106050994779
.243288993071905,-.498105321455558,-.742701079542952,-.770452173008453,-.73695853297503
-.326736269922499,2.08175974245621,-1.87785073326662,.389266137019525,-.053622118897687
-.768369783228769,-1.03376497496221,-.558366261091784,-.742728260199605,.43044304295591
-1.77262074382386,.197367876476416,-.352117369808349,1.18955147159679,.847042543166006
-.449395209591606,.445921962375445,.289121364984411,-.597292707958388,-.360989174115318
.927101321594474,-.237849071864631,-1.03280321156041,.984649277757064,-.0626777795214666
-.432200631296703,.0232881408593277,-2.43250833415852,-.149792815801647,2.47016035665176
.162331460793018,-1.15114079359779,-1.07004219834595,.626491926956722,.310114626835771
-.352933298172506,-2.29427815661083,-.26204416376903,-1.12068382462197,.899518544757912
-.93944446959481,.147141703225538,-.56267351698917,1.69454898779571,-.78341763032036
-.39586617477165,-.869691482238882,-.11401935094094,2.06039279800423,-1.0602441033224
.668865185360965,-.819583371502139,-1.56966994024678,.836140768341603,-.0572790448420612
.537356412868504,-.440139237523376,.975302011959235,-.622024517410942,1.30745664682708
-.77962764316838,-1.669316426186,-.247922856907457,-.489333403459288,.632057147110641
.00260314085538792,.956309698562413,.573198884344339,-.671282977055384,-.398861806105167
-1.69538200853707,-.329192395782148,-.831551099608262,2.7273339619014,-2.14254666164118
-1.99358287316722,.100379061232978,.120140313306208,.686983764937336,-.519497951348393
-.068529875895111,-.834740256619515,-.129086391860284,-1.02020584206068,1.12386381129307
-.400596552772525,.581951398485455,.551898574157737,-.30745409049394,1.21304837128741
2.29683798486398,-.612555041710233,-.339398067848211,-.532250647039513,1.68690800793326
-1.841414803935,-.657187615873679,1.35842050377715,.452259137309499,-.952004010874459
-.240569815978519,-1.10830310033262,.121447950990802,-.381829773311156,-1.18312814804815
.224046770950406,2.15774048331383,-2.49585194667148,-1.08018267559866,.133847497922979
1.41022093418493,-.551198862457172,-.851029329342201,-1.37951698177459,-.146482144805966
-1.23550942904949,-.499800740634123,-.538400472621714,.652189497455229,1.67362043258392
.772487787863411,-.570698423758328,1.44350435431959,.396719983107906,-.585996905733588
-.723474106188785,-.558588955535424,-.0221084427037698,.247555919995414,-.554166803874121
3.42188116591594,-1.97128644970668,.797811924736748,.175689827674732,.103709087564243
-.673349823844398,.949232792393017,-.284353026189948,.0464535446536854,.566311994582301
.126637319758461,.724374766376088,.577051565191719,-.483537803293045,-.304583782118673
-.329071755510079,.294116298251425,-.250483473796822,.491758817723565,-.361322093761701
.211707652951034,-1.67966841194192,.996480274572778,-.227608996216112,.109295343262011
-.947503129319626,-.608988901087979,.735438765527202,-.999167968424145,.0106226335366179
.0536296060370054,.624176938757044,-1.48624717460942,1.26228948236197,.587361099607276
1.56961222890133,-.549103307912085,-.140579672568156,-.375726207024003,.28182963126613
-1.22226406821357,-.203189861065951,.197935871986354,-.934023670653709,-1.54041985488126
-.150718959493782,1.09545970883572,-.716414048495104,-.556493094361864,-.938117954938438
.674394655379401,-1.29042009982469,.365911704789203,.118086018815096,1.10131482267243
.325510602256625,.123292074589013,-.648845120145216,.757497160455073,1.25179889225668
-.472754978335458,-.351231453428063,.770761879418055,-1.07815218831861,-1.78522899623099
1.36814356907243,.439631142924764,-.942933245634316,1.11788505406059,-1.56876507313886
1.1539729378964,.0478512654979731,.673448920373305,-.185102885306657,-.805016323469824
1.89604683277189,-.427279459846893,.266939960289776,-.375652466025878,1.50814410360653
.0990974014551887,-.639360983323207,.301244115939547,.290090559754059,-.933310650188091
1.73053573611331,-.324766174231434,.463630454843045,-.391263207632759,-1.17536584936611
-2.08355221066349,-.484240177902338,-1.06733760679956,.16168424128231,-.563169191095197
.273284386773635,-2.10312261308838,.994679683618673,.715508533830701,-1.37655963675898
-1.03048977481207,.737365080753927,-3.12031610617192,.506147813058962,.400978087650448
-.0461255558593142,1.18119479810955,.0927669926270776,2.14413013423441,-1.06843454789246
-.187786415871697,-1.10736840319956,-1.21151829217252,-2.03718560846352,-.24993106313018
3.37117976969716,.0671577295698088,-1.14267686616175,1.33109284641442,-.581166944127258
-.832330132055751,-1.54719435014204,.684574641186389,-.704923296396585,-.62476240024169
-1.09421155493039,-.0801857182466383,.221218401664165,.840370216184027,-.885266774797349
-.911135638330496,.38208978892316,-2.20799874171392,1.69448241536096,-.855851416456318
-1.09041288287087,-.589066215474143,-.688686671850473,1.21581294509272,-.741800833288796
-2.10987353176563,-.662609096160046,-2.0029112948252,1.08909346920307,-.305446438868712
-.864103572325406,.612920840170373,-.714284102074318,.12462667659265,-.911206366028964
-.514113198451393,-1.0916773426355,-.621049565163787,-.161966770285329,-.308051540360509
.992067117557913,-2.56901324748058,.703215827750839,-1.02177768689641,.110366145943436
-.277887610381901,-1.04095725670578,-2.82569763130523,-.540354249302761,1.35349804996315
-.761690679302671,-1.69496070988282,.766074285754757,.693085224770876,-1.04813338522196
-.982333759757585,2.3356770926395,-1.23249794197143,-.0661817513494588,-.67132387414839
-.480199729365094,-.202743671726943,.305031383353598,-.455059115108376,-.399653682230045
2.1187609143981,.571806340191225,-.00792746420344281,-.291290306657872,-.0423343370049309
-.533773351539742,-.0929826488100353,-.229602260362722,-.326566725327966,.109644807457467
.415626048533724,.614927223042534,-.69299772645841,.496886953204027,-1.09677833026824
-.455659260270963,-.433437430716915,.738966979999871,-.44169976970256,-.643975521965158
-1.23955478901785,.302539846331862,-1.16353664470836,.132963041251267,-.851716436142633
-.0853271680216549,.0654425855873826,.050999271112662,-.0677884760102811,-.703444812888676
-.877240460841938,1.0787710100067,2.39109601902663,.100776579954487,-1.44144626337865
.341618557505102,2.25308875887124,-.41573780931264,-.369205273503562,-1.00346893974026
-.754373405897231,.0095089769260046,-3.30896329673837,-.80056875126554,-.62367594210438
-1.17288545998245,-.365714482666064,-1.7680988318086,1.51967388592568,-.797254549390312
-.930982008959662,-.484552418238776,-1.96670305477471,-.377659691751466,-.227889025521983
-.573637878330133,-1.4952806182723,-2.9825466166932,-.674927253228931,-1.04676613985031
-.486180056661825,-1.12561292930452,.0673435275999319,-.0601832045170777,-1.24080617672726
.432149078843289,-.478025786137808,.243228850474047,-.659503710538158,-1.12633762042111
1.23103839155013,-.614622437443008,-.802513193517807,2.85759990482955,-1.86591116892326
.558631241543614,-1.28511380577453,1.62764904248325,-.128502287718097,-.785269808792467
.492171546943821,-.00568163936676114,-.344401508394163,-.558359624817752,.299072794519169
-.409764660782002,-1.28125018976184,-.27797848172914,2.24378632253762,-1.09882677251725
-.380622950982579,-.163334635777546,.229703019295464,-.0845591402387807,-.12668361431805
.102975725061752,2.69663617985219,-.282252623409364,.387242312296618,-.182973441802939
.643342481644584,-.759048213853013,1.02554495650637,-.190994060273249,-.283415712955846
-1.1659503308289,-.564553114499413,-.17296241617115,3.46011599496104,1.99263884328081
-.413537776999442,-1.628545065914,-.42807385542326,1.73088396462626,-.110180139190964
-.648170035054504,-.136007510222412,.826451316882782,.91394919370248,1.08810472428227
-.854592380152181,.00191660638371835,-.0653749440277997,-.702775300459422,-.481042287289176
.908237490490028,.022982910414063,-.113168063239331,.60998315724087,.163018427027348
1.92470362343035,-.619787267294118,-.521454571069451,-.153070440165222,.172211584449281
.444030581598128,.187533433724273,.494367332266687,-.406855270876519,-.161548077116719
.1265758844048,-.727949761600925,1.21504225121629,-.754666564796871,-.198828069140965
1.28503165392985,2.14762582139618,-.850891429952019,-.394154949245917,-.539174615714944
-.248317348853781,-.388844900299708,-.788170530376822,-.069499564506815,-.268727637727345
.427145690418746,-.628742473778857,1.26105942596632,-.8182297070574,.309658917644515
.646788246027498,-.0590038646372357,-.19299635395685,.216216814788797,-.678267345991554
-.0443713602974416,-1.2210307477433,-.368731436387022,1.2121428486533,1.18736886779716
-1.04313604082574,2.11470955416333,.255069410135622,-.536009828835349,.440658216422149
-.86323025777507,.871782859257853,-.111873847761328,-.484666069918142,-.175341351170958
-.786149125122503,-.591143025213423,1.01035525315076,-1.4646904543164,.672871084448142
.186094831814465,-1.30460405595004,1.41405074606798,.246448450690046,.431177227141968
.350490463360349,1.75518324133027,.911908514807785,-.411609628722769,.667227717989646
.0519926777884587,-.651630382230482,.621242431233211,.0126421480702533,.130839429459856
.595200099274157,-.456668978350081,-.0788998294149789,-.448394647378781,.813984018680811
.960226444638293,-.767884153097527,.171882596998396,-.244512665689967,.340655808674348
-.956115448578797,-1.46015061227292,-.217022457102927,2.03890458947555,-.0453081651250279
-.431015512257947,-1.18261166882736,.472274644577109,.0287509353627396,-1.11009783253865
-.447922701323656,.706065797465524,.164925239386711,.93977137820656,-.53334258744185
-1.24842802516178,-.432009151681,-.915488325476299,-1.32774114593843,-.152477186516414
.306376773954707,-.211444160349927,-.29749985514281,-.40958287914005,.00803812588972548
.804256065712776,1.02262416202641,-.675500948238201,.0525536234491258,.481250864509944
-.835798285279472,1.37574686532742,-.371116804826076,-.351698168267113,.641662408583321
.549458318262188,-1.38482281020002,-1.46870767182753,.416500332357149,-.0653326999846021
-.00313126813947545,-1.31113449019686,.385268167014614,.434008938358722,.580330021933495
-.770197877870409,-.421628030825112,.300898313018536,-.240009680643505,-.272851190660354
.831828262779702,2.09262846713565,.343893980103382,.472419379912706,.0269992845491407
-.26092841802612,-.374202035747776,-.101347397089518,.257379811262209,.759066620211802
-.469218127344077,.188855360359771,.562795183249329,-.00800411499121587,.336380062290079
-.460157757754801,-1.71578188675924,-.0478847579590971,1.05598017652702,.15974113408251
-.0308573073479894,-2.66141050315309,1.92450840860193,1.20680387483703,-.316402188797848
-.761795594803005,.547330641674569,1.96359508140911,.453808473968771,1.292996934275
-.440449612559102,-.522702105240719,.210238659464694,2.58502538709355,2.16905603808616
-.245049577510446,-.274786768622286,-.661522005401984,-.344369527793053,.123380931299783
-.198306899140384,.453631075295096,-1.48354485269232,2.74934460537586,-1.81406299930748
-.124165398390253,-1.54308183623912,-.0671566987454153,-1.40182440401111,.047973858646376
-.769410574946159,.00779433879583272,1.21574525616571,-.0335029428988505,-.530613763074394
-.218825283061379,-.075093978276535,.384782086789415,1.21722879400047,1.29786575560501
2.2150161912532,.735086655526321,.0150171789189561,.324652088935358,-.345834745406422
3.52142664005483,1.26436246483403,1.05867803378563,.246175129796963,-.630310626917448
-.189551192447348,-.522294445989177,.572259564330585,2.24312454599592,-.198497017941061
-.777513519184642,-.19712558793787,-.731084629481563,-.437488537260452,.293983612754342
2.44169826711068,.0106660456438827,.819637823331484,-.057112223632597,-.958469751958045
1.45429211151689,.716631719759579,-.185036340394414,.535255226634723,-1.24746837005651
.537860924865412,.317748234019615,1.6136726638655,.288288897722059,-.709712089408159
-.843404031752226,-1.80484907731129,2.10692918125118,.389908988282512,.245543927947829
-1.57450335347785,1.22951026852545,1.15968553182485,.583629614624009,.515111001945207
-.488730756120246,.165782952469499,.0849283852362638,.585654857328533,-.335158578367017
1.06530473522694,1.30717379942069,-.0905815315871635,-1.52999720857069,-.919693124937704
-.011363631814791,.565778041952732,1.05957386713329,-.0574976826197148,-.571153649689442
.401660556263132,-.485589815580686,-.484800786120005,2.42026229181257,1.40990003361271
-.780574424779744,-.216791083783711,-1.05983062303713,.54978265832353,.818968877948527
1.68212911853282,.517733767380599,-1.53254564242268,.0905186644149724,.258523197901252
1.21135385971325,-.831555299255475,.406485265714563,-1.93063314289225,-.542728452334505
.08251560333586,-.952046729579595,.456907057929376,-.744418756532393,.163187591052571
-.262512153338293,.412319292448879,.643816059879147,-.299577831580316,-.935745471927064
.365306645559532,-.614426008369571,1.29819447434042,-.859906081728754,-.616642475675714
-.205214396266167,-.265426068042862,-.956356929826783,-.438792074914818,1.13972269026538
3.14309539629272,.956585200486559,1.79273738851339,1.02440963969328,-.091754117459776
.603771942782048,-.382258325747161,-.193469510505365,-.71665953419927,1.40958203825143
.513508862886367,.85425865647341,.837943138596573,-1.11864364737003,.76679008280612
1.1257424394778,-.375261539856761,-1.4086840132119,-.571626668554242,.0675540043549827
1.22143077657891,.96152479669016,2.00830546646302,-.34607789956721,.839741786882131
1.32878241272113,1.10562035264257,-.354386393198511,.235510840985434,.147358309272968
.829881957705152,1.32014400678577,.393615810785358,-.276512512108999,.813001249376257
-.165338806614936,-.166994336902898,.809081498268716,-.30207740593318,.0495065088789084
1.2176286136611,-.547556135484194,.105642541897045,-.332360273756037,.212890281554622
2.93563621484835,-2.53212640862477,-.23556298299115,-.0254305240606544,-.669673996884514
-.148442603393582,-.991791863910658,-.323917953599658,-.0887325564445014,.920073886155154
-.374946057316893,-.616648208504952,-.652393015245575,2.48499718644156,1.67600974632234
3.61224578939785,.672879153953037,-1.61737908450231,2.90019842102599,.0460689207084093
.547111626404852,.344196247749408,.229499568564312,-2.75997992063123,-.41297994370071
2.26275270991651,.458896282558346,-1.02214050858236,-.267939165619073,1.03940223021855
.13742898554343,.937602312888203,.901158108072122,-.553420054930966,-.351520386379697
-.574649913091608,.43067893604028,-.452484709870261,-.262410853570969,.299135263234173
-1.15713427242145,-1.70013853987283,-.684342565496074,1.7008609632993,1.53995146677331
.668191187640844,.449895473154707,.202517928570564,-.772269324267705,.53820139117061
-.960478940637002,-.297171331516966,-.195969800630939,-.63955259711447,-.201676455437994
1.19542242214686,1.18595390467233,.773484125912787,.871790246329674,.291262003446509
-1.88736162802824,.707798025909425,-.254779702946486,.793800019896944,.584191748663894
-.487549502371429,-.125439125641798,.19948123121358,-.537200919124638,.97360835004624
-.0105551994774647,.28047484745876,.741120619526845,.451065729813486,-.850451536734857
-.134296879388773,.896709766386312,.661688046443829,-.55780631415172,-.595898631876737
-.918940938805909,-.365488653657224,-.901717438839136,-1.32417622607637,.60608376643397
2.73156287433843,-1.29031868152786,-.516327975059751,-.437083668723357,.421345149273908
.585943948835961,2.42912958329995,-1.29148193101963,-.136075757069905,-.851924886119749
3.39418836048846,.321655882504954,-.599503580497347,-.656845667688973,1.85589418718785
-.824359855224876,.412355689043623,.598939855024159,-.361260118524726,-.584195961815199
-.376832752829635,-1.17225420432929,-.189743476813969,2.21664048972715,2.49577035207766
.162547879623267,1.63046283460596,-2.43995263067628,-2.91299574429296,2.45978258863712
-1.03405714027024,-1.41761562811025,.40771912856606,-1.29723553475926,.204822669261272
-.123351468817568,1.64646409225664,-.252632051941806,-.754860844682273,.649099891155777
.177590963617904,-2.41718120156049,1.40014525761269,-.828262882897004,.311755964755946
.457526041733738,1.13911096722411,-.942402687228228,.829338873167497,1.33142761789666
-.314560609862613,-.989277283084071,.765172364459853,-1.04151140862811,1.55531442690349
-1.62019031773799,.247558108495778,2.55828643802402,.948015000674863,-.372477650298727
1.67235869720663,.552287539110257,-1.02893022245851,-1.08749689184451,2.06608925521107
-.240531817178749,.506639728620137,.0934726742070971,.985768102183144,.228990348997463
-1.03625017609124,1.10288783684064,-.829716155329586,-.931494361806419,1.80515589771833
.143621722168058,.54255472877075,1.0899243703713,.0927932460013881,-.153205120054922
-.880486155530976,.0984722509097883,-.510317600667367,-.313804575531497,-.703398903177297
.207308880430579,1.26255557686294,-.185571986443576,-1.63119438997446,.902459279708524
-.0441819589222498,-.0375727012123402,.0940208756053764,-.0923858707912646,-.778324232690277
-.719369850084145,-.250913432856767,.44087993138115,-.275411415848679,-.65581205451418
.170008420971639,-.80201193145366,.640547764147085,-.78150968121875,.864817764305353
-1.7642089993406,.874799044539822,-.399962628183921,.1008670022042,-.133255588908081
.819480134427389,1.04336937703276,-.547620840593037,.327754475355271,.977252252009441
-.832546946664248,-.793973869951675,-.369965107294146,-1.7780241056052,.622789839130022
-1.65809188786715,-.568514298637277,-.853706431484711,.409471500734878,-.478054459441043
1.68146690780971,-.301648166789149,.270010606333371,-.788370584899499,-.452910313644031
-.923924033213952,-.872625870284632,.80914225012475,-.00741374160656057,.398257786601851
-.392981775585166,.281924639365384,.467060606725898,1.06334843902884,.952019914247604
-.458786824554773,1.01650245094536,1.78364002007408,.0526196788206345,-.198436840092912
.285646032537846,1.60544793584493,.576869566205203,-.50990258734245,1.28055379598627
1.45150270840431,1.13126218907755,-.874524153462334,-1.20316679401807,-1.91764525554982
.947842582972631,-1.62439081831902,.970553910242361,-.704314238414005,.106899207581593
.188955354935765,.620880490195726,-.377701994108332,-.538659198657833,2.94852054827556
.819482174424845,.480880958728121,.549616023130462,1.16181387580464,1.45421592314761
.198324511337488,1.31957939139766,-.404467966257352,-.573294133435166,2.78335699112797
.798034795774917,-.579166288936502,-1.85586828440544,-.263820559310813,-.163196085498204
1.51012315456716,-.230032669041608,.0328074251373857,.338554616492843,.938351944134997
.452750877189713,.614511110596787,-.455459875075285,-1.71990458936205,-1.42404403837362
2.37681975664381,-2.19646488324807,-2.06518176287669,.0777202507855713,-.080420513260541
-.260899956431405,-1.6214607579387,-.711373934972041,-.0916103456597264,1.56361406087952
-.315002280581846,-.55637936259683,.710489943603471,-.600614960089761,1.34468658918968
-.657816467607854,-.653366952615932,.046915111728602,-2.23598904835054,-2.04392274634532
1.90482847480338,-.580882054518566,-.193047695794985,-1.38780359940748,-.0361379851222132
-1.24429035668847,-.743815977582386,.281046072063644,.15803848081926,.402793224349631
1.81868875240668,.746327510419047,-.52883269507421,.882340209915904,-.678626902522207
.685087792536951,-1.06493083008582,1.51993462318879,-.672467999879497,-2.21250368865031
.00361356768234714,.110665016422426,.266098207715733,.0376312799054124,.712475731110236
-.898604867362935,-.170962836797001,.286620247763977,-.490296871618047,-.756181603942814
-.668638361731088,-.951098754005685,.439775080771431,.430985717039619,.548174049945023
-1.1018317826195,-.799120375486185,-.0373484768967727,-.408904887837982,.0805375177363804
-.88015848952213,-.0200702695373817,1.08511050259416,-1.95756407238874,.0108623437274508
.16024198530016,-2.58074533088072,.826977039282087,.599600448068053,.527512158675423
1.00033651836944,2.54730525514706,.729880763940726,1.10392350241427,.790753655987204
-.693487604928828,.153956445831453,-.317509433017726,.348345292909264,.663274665194583
.0695414362272894,.0476894725219919,-.186659197004034,-.430392813378334,.804253352748861
-.249642112318239,.470978944257698,-.641309395689175,-.63924556420766,.995570436080041
1.15240004082179,-.814706929219591,-.116309373808678,-.121525163123349,1.78457012998305
-1.50061092731266,-.16436493823498,1.03897939445294,1.66242121459361,-.832111300788601
-.836031452929823,-.425216697642504,.0134068720304305,-1.17976971151669,-1.2966348963288
-.549275455193548,1.26587209498599,.0450359082352804,-.604937644989315,1.1513847320747
.836000512715399,-.0268242218934384,.616097514219688,-.097335347475932,1.00786999848766
-1.88869075887342,1.53365682663601,.114225691166143,-2.06450719306353,-.913904141603035
.400996393430574,.452952869884093,-.281270687247333,-1.34884371391637,.603792378908294
-1.22461532238086,-.297777930850577,-1.09236332500529,-.22686607768544,-.638514306149269
-1.58107279190813,.790618169601925,-.627949114539975,1.14696793499735,-.327191874258292
.209078728624751,2.2614212370118,1.25266544140986,.785489379236563,.210124413008084
2.17323931607557,-.752740465111179,.109620712472371,2.34364600542584,-.0150064485878439
1.7182544727327,-.196302756030775,-1.54668109787355,-1.65431204813377,-1.01614731622943
.239154329525279,.119580126512807,.562517361078838,.138751412395064,-1.03344755275636
-1.39461847058809,.915847647788971,-.54405446636708,.085530814927633,-.427913315583548
-.377798682678821,1.5243222865517,.435007000432736,-.391320197762778,1.43439123663647
.156163455770581,.208831093334691,-.379779153420007,-.199653386819695,.300392631155116
-.012443438950734,.43366420967118,1.40483170392437,.274379144223265,.735800534323801
.60728574629642,.358911284670651,-.557417992003272,.0609327974205397,.687361227586979
.200092696681732,1.61933168494577,-.101131091446054,-.0485496525804184,-.200666941020391
.0012824263076624,.365175608841986,-.806904288797425,-1.30735178181044,1.31172343819249
-1.26186216984104,-.333117560155526,-.294145330998289,-.00130552825541379,.173951041734403
-.258631931459277,.887516804754549,.102849263865914,-.63837574917953,.429028538549228
-1.52204816366987,-3.45756217721454,.722184656876712,-.928479148107097,.476017127239958
.529079150427594,1.39321628199532,1.94446520276391,.708194805177105,1.50275435431615
-1.5152893203525,2.31085421774439,-.892910744376747,-1.49576061179994,.461037245301252
-.81822734216516,.66433093467988,.560843565914475,.259842600538642,.907670102245891
-.0009630829380068,-.0147165537795702,1.84554686452523,.710241042590976,1.59896178066088
.596492719573444,.764185104559422,-.494892269981194,-.587214886747126,-.427185755439888
-.0639786109529309,-.0802119044706911,-.523150375471081,.517144170750563,1.37131386560928
-.0297416762868789,.344225828508279,.433349229227143,.353674232510485,.604460817748991
.929239284524808,3.26792549814721,1.72249694547834,-.0110747268193033,-.00849527491398334
-.474710169137934,.914938950733827,-.859541476272759,.0256173794107845,.852997740963193
-.10808257825182,-.521949843128729,.501664809360595,1.28440554693734,.258758860727831
.0722022639475089,.84333990841815,-.317298992431922,.132943609729049,-.143616541498829
.404782145955874,1.07779517408356,4.32500614577814,-.286379257718909,1.0339072175641
.046204932203354,-.846871912542279,.00559432161134323,.309894003232063,.997428331223653
-1.19692993787535,-.133905286313336,-1.1648300052657,-1.86009955525765,.584398876346942
1.77488053298683,.164388195428061,.373580454883973,-.678273480859597,.480726065329312
2.05779760319523,.511434255576965,-1.44998964900577,-.142800763282261,-.131376818819904
.366739446995354,-.416736756658557,-1.19924299549896,.41082270830547,1.41634632624984
-.841789063313053,1.75477304362073,.495910828132679,-.308487759009352,-.00693617517397696
-.500240697556668,.139115729878192,2.23514959168427,-.300400220523445,.735459272788093
.0647772365231609,.0310651117512429,.0327754902471375,3.47554556992372,-.851527608399578
-.719333285810114,-.384150565629788,.0496812642338261,-.358584444622486,.350087977799927
.28674366656545,1.2942938350238,1.55199088207141,-1.16699234091758,.125497182175356
-.601691844422317,1.56685976815082,1.25428864623704,-1.66611056217824,-1.38458430098523
.146069299608293,-.613345901163477,-.280195700859157,.358727896101095,.488716786012137
.227233889018834,-.354715274703531,.357970996113877,1.92255977274205,-.609524769649607
.384685448041092,.713342707639542,.935632695041599,-.156894509149679,-.550569029410749
1.13930320871143,.878019459270027,.241485664715902,-.128953393614187,.610278485787578
-.0380984563803211,.170187695440832,-1.29564711219681,1.53175852792312,-1.35952075481529
-.14861524123848,-1.05355932908455,2.07107128722907,.146649454170264,1.1550851543668
-.994045284433885,-.436652589755189,-.50939240311826,-.627795349364328,-.463851376077258
-.503096265445297,-.973391775787528,.789697161118687,.210558053664487,-.352377373886577
2.09151297861655,1.58290992383512,.627157997418995,.628581571727589,.204274780050967
1.6409582345968,.511517472507076,-.139998134545936,1.07337288199606,.225377163051468
.187395069577719,.560373720463467,.851729326725473,.748907775343506,-1.42481816827334
1.07947707600843,2.46694408808354,.535604399658857,-.366233656103683,1.38862923456346
.0887730793779911,.124639257335735,-.0602368052844455,1.31991429669222,-.459804775472732
-.910295479819877,-1.1282180618445,1.22341557511072,-.203849540662023,.123323032835851
-1.67686800498361,.235672740082635,.193106262264074,1.14716257420953,-.0674653403996345
-1.84289615167548,-.038330338338705,-1.15037817424719,-.426776312575389,3.93023761212145
-.354533797190305,.722297182183582,.182080105818084,.858097338115657,1.06127707844728
.167006179391793,-.223802973349701,.500160780042257,1.39388283064866,.116768418338911
-1.43248178131815,-1.96927555318166,-.342285952837744,-2.77741999536038,.262432243216417
-1.55443657274188,.702523035151838,.0155080050688745,.472717451144471,.342773874493754
-.730749404187829,.644273551481121,1.15634509086884,.183899323858634,1.05427231630776
-1.30522251631943,-.460405739033687,.70413664629095,.96587991604354,-.357765454122732
.752062327582538,-1.43246428959878,.87845286807209,1.29821643339999,-.658568585991513
1.42060849090898,.238739597569121,.789895099335437,-.198930785631185,.856325923660214
.430594046359381,-1.1327434118176,.91199252185803,.670445199848534,.973626575665674
-.81056564604754,-.363240991256567,.218821011206988,-.677265680523581,.178017088893441
.226091954808142,.779407271791916,-.472920789679942,.764211695024362,-.0541046805316638
-.278703312633047,.557134119164258,1.28294421881597,-.588548506733936,.68627115421818
.49762255609765,.436640792062841,.648575961860409,1.23600205560621,.756170967326563
-.448738724979585,.311648084296106,.505595858175684,.64291436766676,-.201819709317523
-1.13619072822383,-3.51769435212922,1.82279845965327,-.635557682818655,1.25398690055194
.563997067971661,-.6924770854841,2.57713194164247,-.717303809687628,.0106291327410857
-1.50457070830748,.533047762623574,.694734273478545,-.385515874407167,1.00725404982312
-1.16727905024018,.968447532751833,-1.29820214674845,-1.75657161689946,-1.08361665195275
-.415807828138761,.0616960028358139,1.95501650508167,1.81371347760074,1.91264564620857
-.537737949941332,.917653577739084,.248070096506336,-.628847256774167,1.11362125348507
-.695841953251971,-.416817519838424,.899291066656432,-.611429938124981,1.83299076330669
.382318990219345,-1.36389134940176,.180321120426795,-1.73943562437435,.105150257140718
-.319749829850943,-.785092520030938,-.00452901476386657,-.0130932895255264,-.536610627284858
.913437969151507,.552854428875333,.1736022773363,.516637746845195,1.19486682941982
-.0394160940964711,-.562012421448393,.924313605117614,.00953316875049111,-.206899927103236
.395381960159955,-.641205413355665,.142924574226892,-.641137394855978,2.58215733867876
-1.02966692806799,.630911415986114,-.55646799555225,-.260456598986881,1.70264278501266
-.179528010707539,1.93631004591022,.246784927186411,.254034609926058,-.399325923054107
-.51718370934197,-1.05214455284829,-.640373770455209,-.101595725060998,.0891645654614348
.482887810746339,-.126977834000772,.934891565342137,-.338192544356132,-.205886034668506
-.181785723814668,-.0724487631857882,.212126981085116,.245936313424231,-.382879049098039
-.604855996688408,1.04923625193405,2.20973733784535,-2.23903973093971,-.13465093005334
.682765716079764,-1.34077736066364,.421538028311535,.714035097361972,-.210547814263767
1.43877187810952,.641846032534396,-.499544942018029,-1.61493585629035,-.175910102542335
-.268784205598664,-.793872354102944,1.33064090908912,-.0897450604374035,.802053454680772
.0268104218409374,.834033300343362,-.693777408113163,-.429830264238109,.816958142036307
1.20436217755388,-1.14309958099723,-1.29509848316104,-.275614807697904,1.46475786335943
.0563996280310425,-.729814505296912,1.08150624677221,-1.08800500876246,.448138684273524
.663424459887983,.329892084397186,-.842494589004917,1.13589594259068,-.0222304612990306
-.576997163435595,-1.81334521493723,.574775079564692,-.26608612080596,-.0271499487032809
-.899538102180382,1.58323429501941,.438090405551528,-.709876669624054,-.58641193816826
.408298736540129,-.458370174128769,1.46850863815683,.89779068885147,.695270169282492
-1.00938065010704,-.37085019095453,-.16133274614901,.633219140311298,-.357749824212642
.693924705298442,-.73126418573078,-1.03885784301081,1.46348538636333,2.29355287723331
-.68518035103864,.208935035538087,-1.27580867062694,-.0635996087073974,.752546811276204
.522822545892097,-1.00954182959372,-1.51237900798377,-.946705108020348,1.21838047700697
.378966883438972,1.08098243852198,-1.1479692565696,-.307863312594605,.904844179680534
-.109176511589814,.721149952393776,-1.87710954761327,.496330291923936,2.47897797987716
-.113167346647564,.128941685288422,.0378475671245647,1.63536660620547,-.389303376286475
.0427421743480936,.061855153789074,1.20110273567615,-1.24782845856745,.477959132814326
.549532127985457,-1.06470744365997,.569159019783586,.432740616117032,-1.23403039092014
.395438863192932,.881400983973752,1.58241279793974,1.20564656585521,-.331023238737601
.967555042149923,1.12715647943071,.471191959001086,2.14072349854078,.199974510328688
-1.25670106886316,-.271463329735881,-1.69696987180566,.0785959772623583,1.74597418240947
.0622720267649496,-.759736560861781,.979418914189059,-.537508128918064,.684894782857092
-2.0975382334755,-.0206241340693288,.281083125015774,-.0539845609465642,-.953597761241471
1.6416485547703,.15122962411035,-.589139015191046,-.688288650059016,.478962508871167
3.03657760595216,-.748290621850563,.300343036780718,.587343893562574,1.01519607230631
1.34069665120914,.895724815733855,1.5446111319393,-.645979501127476,-1.12843676441424
-.697260877178379,-.228301547004304,1.77319326310469,.122949247437111,.577343559707366
-.0526304536755117,-.576417915714862,1.29795254365242,.614943280081329,-1.03796558107792
.929907840660039,-.613228395285942,-.194721917799498,-.93635506272722,.755281387152015
.279639367344717,-1.56337932995083,.942052337106968,-1.35248393649399,2.23340715417535
.548963716183417,-2.01741628460612,-.697195421349299,-1.68695799192121,-.422045597198132
.0835995903664546,-.0845706607126499,.0141461952495486,-.914795992057462,1.2110709539228
.400669921027108,-.865486494458476,.0280128025227472,.65157271284907,.73691606260387
-.14114129360424,.586277473059341,-.166397671152879,.487680464022392,-.435808565432979
-.242739085925374,-.736629966489262,-.793474426011954,-.935602041109215,.735632923843296
-.885427356843551,.035715459914391,.910853909969927,-.890466379692468,.901647603842532
.268010661624705,1.57140937609048,1.00641004537478,.848864607699487,-1.06943827818309
.855182382274926,.257292609465147,.381355780858834,1.92497524593579,.115850920186296
-1.95475482703625,1.41444181819986,1.04828198114975,-.849442017034836,-.602313346099755
.398340450509023,.0596847289107552,1.07600989146843,.596428472802439,.617830316967847
-2.67476353496769,-.37475863965367,.298598608919454,-.123788534031088,.225027676436869
.676536189072049,-.368406339889296,-1.25270658777626,-.638214752456812,-1.02735278186671
-.86847009954307,.080522209292027,.919760424485289,-1.26340924100598,2.0507343680707
.919372805353088,.012778893804586,.65158407703143,-.0343740313300384,-.982572990510488
.178014055491495,.0127676132100362,.412437610191765,.224011537261704,-.615793237022953
-1.20912936848069,.00740545813448019,.63857820298698,-.810863520118589,1.08226427596054
-.883944209459758,.0512085802951115,-1.36252968475949,-.475332922367694,.895772281957722
.324434558662865,-.167493781584659,-.143358289173486,-.364753741062504,-1.52301986344418
-.750244042868436,-.362330798734844,.523036698972646,.268599733641747,-1.20334268029524
1.08844257225058,.25271302165997,.279203047727644,-.338390903189484,1.15966099114418
-1.74679589109093,.537708036176465,-.375491859543457,.436647044480242,-.424277403010641
.150103391436649,1.18991545306386,-.069143236833489,-.883480854883399,-.589424743114676
-.87278333473709,-.270723701325904,-.0702679877776203,.189571917616699,1.34921773577588
.194147686956316,.5096996220937,.482475401640101,.781713662602662,.280919072649403
2.05112327373131,-.790177608224206,-.76286843138716,-.962470049167749,-.408655572523387
.189884235093999,.35675616839558,-1.13727252410063,.432907011612218,-.836600910615989
-1.74327508852051,1.36812220421693,.546258601130559,.64632242966508,1.89939942863675
.227970398627428,-1.19103848259443,.232081761575444,.884159224407321,-.965617246273977
-.263253752523468,-.214065408493831,.729885654026981,-.493607579185765,-.730883663353512
1.36891407953356,-.546119145642703,-.318101922373541,-1.628292398801,-.114714836197773
.949645859113576,-1.24442106247922,-.104949792869586,.0182275086308149,-.686619616367778
.884701641841363,-2.03215081793577,2.5367047931785,.517735278269034,-1.02176244102628
-.5423792542899,1.84177745382188,-.317549829008872,-.970164987219048,.482668914537299
2.00621371188653,-.577252423266664,-1.93176637644883,-.64108208972555,.387827288797455
.157804060841953,.0526464677636978,-1.04228632227729,-.374928758376451,.850399617327693
-.875472550228542,.789710057702132,.901411513744937,.787951710456495,.0561409586104437
-.509652597737275,-.617877973439888,.262063782258364,-.744112284231775,.280968986487254
-.867658720844329,.149854627260721,.255572745799101,-.782081698722993,-.769067701364622
-.795444961006741,.011301029052178,-.528356611051746,1.18316569439092,-1.49201788862392
.667251815507512,-2.90992909177765,-2.09534219966522,.240390934216308,-1.87802343831365
.292937999081108,.876329398946126,.233177687427622,.0765898861039971,-1.08765542783113
-.342188499869676,-1.05309751674356,-1.52639549124946,.514372866919427,.759580976058397
-.685757768247634,-.188443960693219,1.10331276456303,.545964022290015,-.544171991541202
-1.34102864023874,1.48167550082522,.337542258808591,.653632165409207,-.776027816577741
.8463549438002,.0828865202521109,.218930082380821,-.165281730048621,.297385343356359
.505899795410704,1.04101661169068,-.21881843110698,.391456096170471,.0535624560833064
-.645295573288712,1.45498105246097,-.512909265975677,-1.51499991737013,-.542229972238388
-.505431722889124,-.223756862040203,.435566043804032,-.574708629449551,-.280390896160002
-.482107334812005,-.856270927520204,.138485331025131,-.992626085248006,-.978123243698234
1.76521059445007,.535542946286806,.497009865648034,.518140016967404,-1.21150133589026
-.709181420887532,-1.05408587684323,-.386879416412954,-1.25944123965227,-.619094177405494
-.392708870631813,-2.02716267376369,-.058976783722495,.540954970012067,-1.38718394870337
-.535642245097829,.124074937997984,-1.67337220622141,-.88661672101577,-.706815515498927
-1.5975933652995,-.870293651315521,.243318590896618,-.372949576460386,2.65318192585468
-.517926466320323,-1.69201387484866,-.659975436052272,-.417868879645652,.887830018270297
1.75268865956172,-.420177703729167,.938440098887121,-.34202193576781,.839636512105335
.395469668109474,-1.12954279500451,.101580048712577,-.329524151476094,1.48909006371892
-.559008670321821,-.274314416580534,.139101928582666,.160055499530385,1.34645804978919
.428912680292385,1.28099102331124,2.49326312529751,.155978523768429,.942653886583592
-.0297269916553213,-.0336752938896867,.142514074029145,.3609023661786,.57797404985257
.0340144050351584,1.18955086382266,1.2557772306388,.734112398366591,2.45689125219158
-.368713232991006,-.745060836824528,.443590067370658,-1.40930842035186,1.2132268795245
1.05898386272697,1.36955613752605,.384726094755453,.230529354529052,.380578902605504
.340007027105285,.494703503054821,.457037114139805,-1.00309692617083,-.0498667198438756
1.82509915666509,-.227370827880214,.0360911073168872,-2.50842845082129,.034900483240941
.674146993733852,.930381520848064,-1.00253572074741,-.22960367628744,.800285152301301
.288102367968083,.0675596410737122,-.340462833682531,.637170986883072,-.770403903992249
.861569747698287,-1.82992275556869,1.66110055544974,-.394285402702043,1.14641417600091
2.34641182451088,1.47138311887996,-.930814214254383,-.653781335437582,.0279065608912194
.277000657731198,.567665928594808,.871143021992255,1.48819029680969,.929506275393578
.783437493558222,-.477308325133631,.960808585735351,.160615823762159,1.49019922177215
3.91811827184058,1.98551661277849,-.367519853160254,-1.69548117700095,-1.66636252936397
-.625838607163611,-.416715512945346,.164795967842767,2.68339928582731,2.64445463633683
1.91398309965156,.221220299256858,-2.15322139125729,-1.69945264578469,.482410829735049
-.583100844641187,2.20539721722324,2.06673961419777,-1.12539920582135,.963817270198246
1.02347735564185,-.21783968907363,.0134254286436812,-.660078570507348,-.791175583704084
-.255814591285091,-2.33462142476419,2.17045859237894,.405506085819183,.402312839287
-.116650260064807,-.456400901550349,.224013805686029,-2.0504696931731,-.586229875811091
.970488470399065,-1.24307506762967,-.348388581707794,-.57052129396452,-1.77276677683666
-.125590058767164,-1.39228842028618,.152115494592754,-.642915875428391,-1.09472124422415
.446158598890243,-.629766381565988,-1.25394640281416,-.59923705756071,-.857523131415907
-1.64827857099125,.774095178849524,.804377359165476,1.06065138398312,-.144827567932943
.832502111237443,.201432334681786,.494496885689044,-.0620921375510136,-.519715310101938
-1.46781080053248,-.0409371733381,-.601598882703776,-2.13435583241484,-.0758691845894599
-.904615317745776,1.09415048081242,.611577101540595,-.290872739234743,-1.27941856195151
.227244139408355,.308886086690227,-1.5089769981347,-.226690598740775,.142015820777365
.823423510404001,.0754794413906988,-.617263494358601,.736247403532899,-.829118258916751
-.131937553081832,-.257963374622156,-1.48478046513975,-.0863482324242481,-.56981048354695
.863101224935537,.619254952158962,-.442600927272799,1.60884907973219,-1.32633248355123
-1.91758531940442,.41183615509616,1.10485708940669,.871253501906485,-.345498195724096
.488142348042093,1.09543877032485,.731802828467328,-.0295119577737865,-.657714415512659
-.957278697973538,.305470925491568,.27669695038808,-.20802275378276,-.382198493197227
-1.8539538952259,-.743791763473594,-1.93654763351047,-2.50064766612655,-.711055586105914
1.61701106046966,-.845558501019675,1.42220708795853,-1.35284734332077,-.638517192713052
.854712726832353,.976113643508568,-.250802915604739,-1.64234220891573,-.280153536148516
-.127625563264612,-.487830833423104,-.623912410054487,-.454641037654234,.672443745854951
-.635389345641891,-1.48706478235233,-1.17663714784989,.972265843581206,-.330022328293625
-.579020887736552,-.0225560947130807,-.579133303847847,-.519509670929605,-.306459406059377
-.024152767370999,.907933303925646,-.123443489644631,1.7252123570729,-1.08695177048787
-.210864796077361,1.20858200626462,-.63225260179667,-.144058042657155,-.199428131071472
-.904820405308636,-.236484277476356,.962732731914991,.498677954690618,-.96782530971802
.0740887908236083,-.264614700027534,-.520262297864315,-.987437115482666,-.621220935826383
1.01761210178459,.806488666496157,.427697453318247,-1.02494678931856,.383584258053613
-.151374541111572,.265480927561021,-1.58575722859227,-.837747961795282,-.868265955098314
-.893761039748297,.291694822640249,-.90364654821489,-.486313628900844,-.619927716417216
.361798692755723,1.47771886900656,-1.87865540346893,.679867656224637,-.471721628242087
-.981333000506513,-.14040952011024,.315190404148084,-.458018794862154,.118684907167925
.349340680145261,-.928532677642166,.297819741406176,1.14222028129904,.225558805114466
-.786822775420851,.0664860173193832,-.533924924526264,-.837795484439564,-.1822009433021
1.35296122615503,-1.38501218714459,-1.43814411564184,-1.15440811746347,.417406810431351
-.76436787509874,1.16931107171275,-.758829141798145,-.912155899101717,-.346943237419866
.0985353390124031,-.33133953982452,-.0433523668630067,-.124228861615766,1.4891157596814
-.214062371901272,-1.01605647713067,-.676658064622226,.789325173927763,-.658044890624146
2.86424864367974,.0493644333276709,.044964031489969,-.252910967483856,.956598881360672
-1.33536599664281,.300851907492534,-.904677964707494,-.945478832620418,.142426042683879
-.960104850363045,.096478023949785,1.61775160045662,.858499855770701,.676267364977014
.00287836376208635,.628591926372635,.701893300801145,.525029447995635,.436797950522431
.142364912393943,.561706800558999,-.586908144894491,.522850788612171,.169013616247943
-.230949959837386,.490098861076284,.0115279516665707,.156194627746499,.37340392990192
1.65539851787028,.485305042686773,-1.34025912354776,-.963864078326252,.598135273635628
-.461492915061397,2.0608701198759,-.111309480581862,.340971675305476,.403991639825667
.910797807945593,.52234029392029,-.835479806983492,.770694961037388,-.325573860226756
.450208906861126,.339470476248268,1.5001518963194,.146869834702693,.714163275976179
-.0299825892828125,-.2893356365484,.357324914193053,.488390914184935,.674053075330781
.902292480447795,.761410424261377,1.09791055314523,-.350863213937746,.82686315371286
-.508024251072904,1.28408554683487,-.650589859209817,-.428008901771402,1.08654691365907
1.7358540269346,.068983593210166,1.37450365048952,-.472976586767522,.0910071363329066
.278070169430255,-.31324830933659,.242771730158793,-1.67638543998365,.0546971688711151
.195831340434215,.224065027751425,.652810734215806,-.708417224000639,.306911400366427
.237998470476085,.351755993785423,.930652986039006,-.149973220343845,.92068706931894
.404331930099544,.254467616767114,.982290715341154,-.236796073909962,.633514731402267
-.415595884663263,-.612125785452253,.272166129428052,-.82743896281763,.61908334764464
1.16894351906377,.121719433452225,.642178041817993,-.123836996256592,.0728791202521329
-.0542722666037268,-1.53136710311454,.552511588490253,-.601480288378179,.59340822735652
2.80751558971152,-.723343356968083,-.471369945388499,.958001173528533,-1.49254670505329
-1.94198607864631,1.35132618706674,-.239381112653741,-.357546437031069,-1.49144535544359
-1.06873802881975,.0169095932227088,-1.033098127964,-.900537828898764,-1.5425058409493
-1.56263636294857,1.62852218127717,.0173546657269777,-.186675125529971,-.638114519206721
-.211207814281318,.0701613497682211,-.00611406695266287,.920916286529643,-1.83313795988371
-.0432490518197035,-.0760023905882069,1.02888990309016,.033432117592836,-.0238103240292464
.742212834887921,-1.31555301582317,1.92568623059386,2.09000722282616,-.605622184281943
.32332830097134,-1.65269352547336,-.58814806243903,-.105985221872333,.635660172543099
-.484850370030433,-.6077441838126,.206955167402788,.427465031583368,.831763325901353
-.00335699456381138,-.700447694166631,-.393629218325138,-1.69950548474385,-.564854792612108
2.59352925945197,-1.1764051021445,-.324860429513605,3.37732164223522,1.22837208403147
-.574400332786039,1.30272264781279,-.0700225037290052,-.350531320503751,-.258251775186036
1.55410456013622,1.36100586863215,-.969506454769975,-.0515130211995453,-.402996956126289
-.00768008799137477,1.03374402133682,.514366202878851,.161640978977786,.155421322269857
.162128831600519,-.707518519948294,-.609248576803964,-.118549175332154,.315188593868637
-.761015839333602,.448243843052005,-.531169455021711,1.40788925945447,-1.03846007653853
-.968435566626782,.108796725802344,1.53565287220548,.0561988432903595,-.329476381517919
-.641420182753372,.185045747293954,.862513578929899,.335439132213536,-.403727400626141
-1.08562958645282,-.897063066060465,-1.24773134053005,3.0150003020386,-.546570634897225
-1.30571894746129,-1.32266987263066,-.348535571766939,1.152284176639,2.62242521904117
.00192329212675547,2.34550283660942,-.971995291143622,-.323997474720269,-.333500633943578
-.0651257939865853,-.328923391634825,.916522766357525,-.0830520860699496,-.929544672563902
1.48467052669387,-1.00542707671286,-2.68432696940549,-.611075926864448,1.09861986596348
1.74515744360255,1.46257819881997,-.441126521017912,-.893674150927092,.0437565859693902
.0040557192446892,.113835014691512,-.319415201585564,-.131286497610814,-.39561895843547
.373614904017738,-.539437539973346,.339637253779493,.535306804792784,-.107316271016504
-.35583542317945,-.234809688518982,.0227396132312227,-.309215862036589,-.434034454039913
1.04930737551017,-1.08330107561412,.1333603136085,-.069494292481259,-.563686484502363
-.432517413014624,-1.19403132067287,-.901392889112217,.135856812669951,-.7346350313015
-.784426376543503,.621007431303265,-.791821868434113,.488062023310381,-.305663777186925
.0858946132670635,-1.59295438626661,.940041742180052,.242305491101255,-2.07758166365108
-.34604378108157,1.00317101700608,.05385159768908,-.333294954946711,1.03614766855345
1.26755100557584,1.76607602917857,.692407732182205,-.58750013624803,-.0467188277283596
1.72964219982999,3.6478669012897,-1.48641166478005,1.89475637010021,.139472855454805
-.730206770238917,1.34955282890062,-.133941592599198,.124166313029204,-.00707613170628589
1.25318388503576,-.0700513474392705,-1.73133960569441,-.99651686699176,.0646456690260863
-.717315986917671,.245155021611393,-.530472233503452,-.356683531355898,-.395613392268632
-.167408476371461,1.78958991127971,-.323918991199443,2.13222461639109,-1.32493105255666
.0893426118181081,.797065170180131,-.498996223228428,-.063146316845286,.133096160805801
-1.14147933551472,-.209072073774598,-.0781655299755374,2.35169328552689,-2.5195943852455
-.0105846362984996,.230890490983441,-.336499774071533,-.511012397851969,-1.52546901541769
-.236725769390098,-1.26910607345802,1.67481789211084,.621997373061305,-.952654573401444
.325707242517767,-1.18232498579306,-.12229691325872,-.0691354938234757,-1.39943727882635
-.0809865076693679,.445331645790215,-.143799667445969,-.40273254441738,-.780168620398483
-.307041949508746,1.31482640844078,2.56899984745532,-.416115478005869,-.00424324285790385
-1.83060666388174,-.845754109589592,-.772243391703685,-1.49383041800652,2.85079815489903
-.748790511103772,-.899241869015217,-.508007874301036,-2.09802075452578,.519708234094543
-.752853293012795,.915129467627666,.491015249200235,-.738976536204338,-.360915252858094
-.911811428079898,.4587620278423,.653376560304388,-.0303658408033643,-.194541100963818
.242232967452421,-.765575442816149,-.00929943423760954,.836778909707469,-.335614588220448
-.799837348403868,.27761328962108,-.499788557280764,.995415598518445,-.375288788051444
-.235941970651603,-.101801202274748,-1.09355490488305,.69221933723034,-1.42598895635407
-1.45537226649906,-.272340625620347,-.70922778097432,-.455571307107397,-.310013075043044
-1.23325662861922,.994414655595695,-1.47592030100363,1.57369197750386,.355862325345921
-.141575624688927,-.714780356659232,-.0209732978803382,-.0406811713857627,-1.26151875539198
.901085597484306,1.59750469836004,-.0432307443722913,-1.68253378795327,-1.80581357321527
-1.00565580055314,-.937697076802481,-.796799963698942,-.437088831531256,-.240762188136155
-.552248288318516,.318754753592823,-.395292680043796,-.152255112802152,.0928603011700859
-.676790444949599,1.3862827241011,-1.05517814821137,-.205532950836846,-1.35333993659018
-.679310891009438,-.202083537518651,-.372491096130552,-.592297179093479,-.0960202720398887
-.702141448886104,-.948367418166061,.407510450108911,-.071289601239183,-.432022867014681
-.921993412562471,-1.64162176679444,.0219539861737889,1.60760089803234,.0933045299701061
-1.51168252186427,.352166809536212,-.370246978940941,-.616286400020617,.446871363436884
-1.00993768173928,-.616726477263201,-1.78101555498385,.863891801376627,-.152968738276128
.513041451575478,1.37983293161996,.498162839254103,-.64262411325306,-1.41224471713967
-.52358813176264,.857218793544585,1.19910950960701,.215005444697096,-1.44562230362239
.316749888460266,-1.58202909670671,-.197735759150139,-1.2110419594298,-.404115749047133
1.53499614598869,-.175529657968863,.13952357635472,-.533548565857905,-1.36375476352835
.0361916997156266,.418727444370609,.102867823150822,-.211569416565252,-.772723757233797
-.139091135389254,-1.2057493205402,-1.90448096712461,-.222719021066627,-1.1882553618159
.423085323919045,1.2947918271324,.262224133869474,1.22962008230935,-1.72856455106292
.38253742048095,-.0113116201355535,.130833393370744,-1.5429628955689,-1.51769540483241
-.219969342294194,.586079151211398,-1.29146513220727,1.35497361334568,-1.23150155991718
-.190536146258724,.309645167649347,-1.95496772733513,.591343349941425,-1.44412926487276
-.066528040285633,1.40589432399339,1.16272675220857,-.666253290329652,-1.82617824732537
-.822296606165966,-.823030756413566,.315290146733248,-.440043312889942,-1.7132853062579
.0825441378681086,-.476940710456154,-1.73194247582902,.171192867234508,-1.92997506321359
-.766146114797823,.070210363487828,-.456396949956616,1.070501921035,-1.85801497481781
-.355708798578678,-1.02003264304925,-.519472702036351,-.918213670471312,-1.49808134790024
.170383214346549,.318509620969652,-1.25078350086083,-.827000303217176,-2.76824403403139
1.32618819511206,-1.23074961776603,.324460209905374,.164366500512077,-1.07316790149524
-.158836682487462,.271912805576425,.890023988855162,.884498990950852,-.536103127577856
-1.1886760285602,-.779637028954781,-1.14659057497697,-.732742375716319,-.251107051427892
-.856082450040182,-.222484916138379,-1.79547100517996,2.19172229663808,-1.05585950555195
1.56316948994121,-.568972243731382,-.07925851214309,-1.64735385702528,-.175112733373151
.807399932197591,-.664873554544359,.121259208599802,-.0652975221572115,-1.03039653955869
-1.47967729701261,.273606921504684,-2.49663052833864,-1.0890539600027,1.32246056110959
-.671559808604547,-.940686795477985,-.289330651214715,-.358962758099646,-1.40585367153971
-1.1144243708937,.0571947100598178,-2.19304789832461,-.324601212690095,-1.1258843612335
-.00653993487634145,.327598485241469,-.0305852065540426,-.380541719872941,-1.24296892501469
-1.07956732714144,.0016129889774249,.0183791390267186,-.535489857509912,-1.59074327821685
-.13911274538814,.456656078133144,2.38437550121291,.294043140444231,-1.85555086336021
-.918453647106734,.917471482498929,-.212431276918263,-.631557967957634,-.765884422075825
-.944351378826805,-.283906041985756,-2.2530956274922,-1.3855567499281,2.14308595122468
-.0827076935782799,.52109754982619,1.16529304855761,-.577062954638057,-1.18010305525095
-.793197045855704,.528315882360801,-.829433333211946,-.698051341017001,-.38912543531184
.788745319800735,.143229621251686,-.00893326845222375,1.34997878610083,-.808322921751722
1.00760874409646,1.16462395693256,-.182793305113342,1.6571139058772,-1.58250327787966
.30518990472634,-2.28519959767617,1.16205547807144,-.245228002934331,-1.23992326826293
2.82477619893542,-.612987893199462,-1.38934229309455,-.319055649459231,-1.21687591568738
-1.02392342154053,.442667844806713,-.123821833544087,-1.78286308281939,-.557006565519271
1.50565372432882,-.0115733959954536,-1.63943098889297,-.213317814764589,-1.41631889408083
-.798716647958048,-2.21341829205603,.83310816812595,-2.1881409481056,-1.94818527564383
-.305983032813566,-.221258143091966,-.876505526937855,-.827421912752155,-.865217296377437
-.45130599948846,1.40471709905309,1.86211740285761,-.631343241248654,-.784447365209273
-.769113898741114,.441791561401118,.217941554191771,.777743960866616,.486743609153847
-.21083364638327,1.62720838454279,-1.80670333424709,-2.45968227071866,-1.03574391823268
-.103031532671791,1.74375929429835,-.0972343385679938,1.77161778376546,-.333201911261542
-.991210679633246,-.771761612243466,.285512378864721,-.191366940688502,-.119885512598254
1.09632378310178,-1.00705147935135,-.611121930186714,.135520255611711,.0716823505209948
-.00691403807818823,.528649122241272,.820922705718011,-.90675623218253,-.598088816829247
1.73614788405169,.718508936777762,.111101468423837,.179146425520024,.744194349778098
-.261076555618225,-.960931539108788,-.302986088952975,.746920424044825,-.275449214108999
-.728954227204871,.352044142127573,-1.04777937026504,1.1398001446477,.633008017605515
1.8201566323014,-.241414880864461,-1.04908218460665,.971421444983856,-.0240191897945212
.134057525714417,1.60146132425742,.724325912781824,.709608820142144,1.13409938518197
-.469713666405986,-.531449611892341,.189982678739507,.930127629931171,-1.03650504099501
.470526880193555,.646286726296459,.143575737265092,.0413916533149118,.530839572674953
1.10994292713058,.190784739833291,2.30253789775444,.181519454933001,-.202116539474886
.216153906717732,-.278387288636308,-.688985230552106,.411258985216303,1.47004110163684
-.211612238186423,.215352605458575,.759439783196188,-.908730613832711,-.563143677383586
-.300142046450797,1.20170850916433,-1.74646916943783,.998273752770594,-.511869732527989
-.335855521595498,-.0981706630031872,-1.93499810174261,4.26070462161692,1.49280476490317
-.691752761924472,-.0354307062758999,.674665181320587,-.0426047304867716,-.285686329969637
.94838098387238,-1.10915496222225,.469088452933298,.186624700898839,-.640892089365401
-.323718912840685,-1.37625257233672,.285253692084133,-.0800248252318616,-.0100349562073803
-.175044227908089,.193279905291053,.369556958807857,-.102248914889592,-.635898802927062
