,GEOID,FHVdiff,NYPDviolationDiff,NYPDmisdemeanorDiff,NYPDfelonyDiff,units,C1Diff,C2Diff,Pop_Den_16DIFF,Median_Household_Income_16DIFF,Gini_Index_16DIFF,Ave_Commute_Min_16DIFF,Unemployed_rate_16DIFF,Moved_in_4years_16DIFF,licenseDiff
0,36047000100,53734.26569,10,-24,-17,106,268.674349,221.228009,-927.3227,16254,-0.0224,-1.11919081,0.002828048,0,-2
1,36047000200,12981.97157,2,-45,-2,,70.1532874,61.517968,-2046.26377,13653,-0.0072,0.85135135,-0.008857508,0.00015906,0
2,36047000301,50795.12162,-3,16,15,,0,0,3144.94739,10817,0.0052,1.71975181,-0.006191445,0.003594536,0
3,36047000501,20603.51739,2,-19,-10,62,0,0,-1917.9848,13505,-0.0156,-0.96495024,-0.011073408,-0.00378239,0
4,36047000502,23863.10789,4,10,0,,211.354329,195.8423703,481.5498,8841,-0.0362,-0.01998668,-0.02116165,0.009076559,-4
5,36047000700,42614.294,2,-2,-15,,140.696845,259.1694602,1204.33908,2506,-0.0032,-0.35010941,-0.012372078,0.001269629,-1
6,36047000900,39709.17052,9,44,28,,204.079848,224.0128203,1332.10639,3636,0.0094,0.21814007,-0.035701407,0.001147136,9
7,36047001100,54887.17286,-8,87,29,,0,175.3147823,2413.0785,6898,0.0406,0.07894737,0.000799981,0.017225748,0
8,36047001300,94858.51811,-3,-14,-1,369,54.5977012,167.3924321,26.613,-5562,-0.0069,-1.75950783,-0.00507665,0.000397591,0
9,36047001500,99904.64202,9,55,18,1045,83.3586155,109.7798309,3629.16978,4330,0.0006,-1.53595539,-0.014408812,0.000561813,2
10,36047001800,96220.68133,2,-14,2,,0,63.5895917,-2.170215,0,0,0,0,0,2
11,36047002000,7203.958657,3,-15,-16,,39.5883109,50.4827828,-1731.02402,612,-0.0005,-2.54464286,0.029585127,-0.01035503,3
12,36047002100,117890.393,15,19,2,42,123.970353,149.4713638,1743.92046,3035,0.0274,0.07876849,0.006900186,0.01518174,-7
13,36047002200,16096.58667,8,-19,-2,,32.2878862,60.6206756,570.35141,5520,-0.0271,3.49069767,0.009833911,0.000514761,-4
14,36047002300,43759.76647,-16,36,21,,0,163.7696287,668.82124,-941,0.0313,3.55577689,0.041998557,0.000893753,1
15,36047002901,23777.25691,17,19,-6,,0,54.791716,13537.781,3682,0.0278,-0.90791476,-0.034239453,-0.000527334,-1
16,36047003000,5238.866067,-5,8,-2,,59.5649371,6.7672797,-1133.53612,6250,0.0052,2.47093023,0.014195621,0.001560508,-1
17,36047003100,62282.39493,0,22,23,205,0,43.579348,377.26642,6811,0.0034,3.39695946,-0.008093909,-0.016631281,0
18,36047003300,35568.82468,-11,-15,-25,586,104.1952484,45.0054054,220.19214,9867,0.0039,-0.36854917,-0.015013518,0,7
19,36047003400,22378.18196,10,11,9,,67.8490273,-3.2203413,-1148.28329,-806,0.0076,-0.02468265,0.007368171,0,1
20,36047003500,28732.07543,-8,49,-2,,128.3613112,34.6009403,759.32037,-75,0.0548,-2.41881443,0.007568751,0.001274697,-1
21,36047003600,5862.479164,-18,-4,4,,40.1363742,19.7617318,-2377.26155,-491,0.0094,-0.43165115,-0.02172311,2.81E-05,1
22,36047003700,39527.03174,0,61,26,,63.5262272,187.9410935,1962.50083,26531,-0.0211,0.98013245,-0.01575847,0,-3
23,36047003800,5945.70141,0,9,7,,43.8207905,24.235271,-1907.6199,-2894,0.0391,1.86801242,-0.001311258,0,0
24,36047003900,36982.72204,7,11,-1,,138.6859682,204.000276,49.51068,1802,0.0147,0.18201595,-0.00491188,0.004103406,-5
25,36047004100,38209.46784,-4,-1,2,,203.0759351,204.1180089,1806.39236,22594,0.0674,-1.23080834,-0.016021822,0.000772861,2
26,36047004300,39216.90241,4,19,9,128,210.0330913,228.3178538,1074.76129,13902,-0.0272,-1.42941466,0.001546861,0.001417371,-2
27,36047004400,19566.5832,-16,36,26,,70.2680757,-5.5939678,-991.68638,-7758,0.0458,1.2778865,0.000816644,-0.002488594,0
28,36047004500,34023.80957,1,6,-8,,233.8084189,143.0195677,2232.51137,-1797,-0.0176,-0.0536193,-0.007218979,0.010667268,1
29,36047004600,13449.5525,5,26,21,,54.6112847,16.6559287,-708.22995,-14166,-0.0118,5.2074364,-0.006082546,-0.003580442,0
30,36047004700,20671.0095,6,-4,-10,,173.3700912,167.8324585,1983.42859,7600,0.0042,1.47189922,0.005265435,0.014785609,-1
31,36047004900,19447.80686,0,-5,-6,,301.0148749,143.8587993,2097.93393,-3200,0.0118,0.29435484,0.006692824,-0.006950142,-2
32,36047005000,10419.38037,-6,7,4,,63.715921,-15.789607,-648.5865,9943,0.0122,1.40016168,-0.01477375,-0.005388459,0
33,36047005100,12528.74726,-2,1,-5,,120.733622,191.3793835,3553.06979,5252,-0.1196,-2.17265088,-0.00163437,0,0
34,36047005201,6235.687783,5,-5,-4,,52.0008824,6.4351852,-1787.349,-10625,0.0143,1.61634103,0.012760598,0.002677108,0
35,36047005202,6120.788752,0,-5,0,,79.6681673,18.3641579,490.05252,1417,-0.0277,1.10429936,-0.005571161,-0.006247397,-2
36,36047005300,88932.02744,-4,8,7,70,103.7461178,104.9179877,1.571761,7784,-0.0184,-2.30642633,-0.027103825,0,4
37,36047005400,7554.435691,-8,-9,-14,,60.5513324,6.2550461,-3823.15605,3507,0.005,1.13664596,-0.008323739,0.006698565,-3
38,36047005601,8041.331403,3,7,9,,71.6375984,4.7041859,-2481.90805,6943,-0.0404,4.91983122,-0.015090431,0,0
39,36047005602,6197.08504,10,26,27,,65.5295693,26.8633684,-1711.11093,4315,-0.0712,2.95480881,-0.002505302,-0.004271744,1
40,36047005800,9045.490422,-9,-24,-16,,68.5921597,18.3455811,-3041.27226,-5442,-0.0028,3.24912034,0.019424418,-0.000367986,1
41,36047005900,19481.08586,9,9,-4,,121.2890352,105.4321391,-231.93051,9185,0.0033,-0.30098684,-0.007118044,0.000889809,-2
42,36047006000,7124.392498,-5,-8,-2,,44.3626039,-0.4513006,-2993.81222,6886,-0.0264,-0.9903537,-0.027804301,0,4
43,36047006200,7592.964661,1,20,13,,41.2433661,11.7321944,1564.14338,10885,0.0033,1.15047022,-0.054698726,-0.003337448,5
44,36047006300,14553.60305,-2,29,22,,181.4151046,183.6659751,-1719.82843,10673,0.0161,0.10009625,-0.008906237,0.002041257,-2
45,36047006400,9506.778344,4,-41,-18,,39.0160641,18.8990306,-3429.07933,-540,-0.0173,2.02981651,0.016120554,0,-2
46,36047006500,36071.8749,-1,-24,-20,,153.9664601,176.4743508,3622.88999,8660,-0.008,-0.80842558,0.008971442,0.000922681,4
47,36047006600,7193.68202,8,6,10,,58.3491533,10.823683,-4531.72492,837,-0.0567,0.75728155,-0.063043423,0.000154868,3
48,36047006700,31150.73988,-6,2,-5,,177.7312761,147.9427,1127.95215,-2816,0.0235,-0.6613806,-0.022713443,0.002700416,0
49,36047006800,8680.101709,-3,3,5,,41.4044958,6.9897087,-7804.48868,1066,-0.0078,-1.1698783,0.019620436,0.004768989,0
50,36047006900,42233.30802,-13,-8,-17,,210.24255,144.251915,-2386.31961,-2295,0.0012,-0.17618198,-0.000678228,0,0
51,36047007000,6931.707138,8,23,15,,26.7196748,2.1751758,123.10534,3073,0.0053,8.89968976,-0.062099125,-0.000832036,1
52,36047007100,40391.38847,-6,2,5,700,183.6371299,163.9348435,-912.12401,-5829,0.0032,0.5621079,0.00485257,-0.004471533,0
53,36047007200,2854.783286,0,19,11,,27.1202966,43.3218445,-8428.61802,-986,0.0005,4.04936975,0.001514492,0.002380952,0
54,36047007400,6578.577907,-2,-24,-16,,18.3454629,42.6989458,-5300.5194,-5753,0.0387,-0.97283531,0.012182001,0,2
55,36047007500,40917.54025,-7,20,2,,142.6365519,134.5317633,-2115.72402,471,0.0368,2.04945278,-0.01404899,-0.002857559,4
56,36047007600,6501.969125,-4,-23,-25,,41.1432458,62.3350667,3006.46899,873,-0.0173,1.61290323,-0.004421811,0.003198048,-1
57,36047007700,56499.3122,-1,3,8,,145.3055842,148.9700503,1955.36215,6696,0.0022,-0.39511439,0.004264492,-0.000101051,1
58,36047007800,6474.632837,6,-17,6,,42.0317239,53.6096589,468.803,3071,-0.0083,-1.65794611,-0.011621537,0.00017685,2
59,36047008000,6521.85498,15,0,2,,48.8857006,58.6422535,-4589.70586,4575,0.001,-0.7207473,-0.006977607,0.004563314,1
60,36047008200,6548.272005,-2,15,13,,62.5215408,52.1044358,3037.09447,5297,0.0542,0.64177598,-0.002962456,0.003733956,-2
61,36047008400,11433.83547,7,-36,-10,,79.260028,75.0618718,-829.18018,-4178,0.0426,1.06489676,-0.015784968,8.26E-05,-6
62,36047008500,13279.47555,-12,97,56,,0,135.6012891,3883.08298,229,-0.0308,-2.05099778,0.013774655,-0.00139925,-1
63,36047008600,4480.125885,-3,-4,-6,,0,6.3405797,0,0,0,0,0,0,0
64,36047008800,7469.510159,3,6,-5,,86.6309603,45.362592,27.35082,1300,-0.018,-0.23263889,-0.00869265,-0.034073623,-4
65,36047009000,5858.184493,-7,5,0,,43.8101826,55.1413648,-313.95511,1857,-0.0054,1.68446602,0.006647824,0.005393401,-4
66,36047009200,4467.163843,4,6,-2,,49.5473612,67.5356036,1852.9284,3454,0.0026,-1.54733219,0.011966443,-0.000295247,-1
67,36047009400,5959.03274,2,-1,-1,,44.6835969,56.3854387,-4561.73005,2122,-0.0367,1.34460548,-0.021492466,0.005577594,1
68,36047009600,5948.091659,-10,10,3,,70.1233196,66.0337132,2611.419,4074,0.0125,2.20212348,0.013997033,0.004491995,0
69,36047009800,5958.188183,-7,-11,-7,,54.6905068,53.6541314,-583.1206,6236,0.0148,3.51846154,-0.015345827,0.001346022,-3
70,36047010000,5956.777197,-5,24,8,,31.2666362,64.337456,5661.4069,1481,0.0156,0.68301479,-0.020662576,-0.00303815,2
71,36047010100,14790.07345,-2,2,-12,,76.3559027,67.7690528,-878.58404,14254,-0.0074,-0.49815328,-0.023243055,-0.004416241,-3
72,36047010200,6015.308607,1,12,8,,21.0116389,60.7338356,441.71722,5486,0.0353,-0.30189511,-0.000234153,0,6
73,36047010400,6009.732405,3,31,20,,29.0109304,59.2176184,-561.1856,349,-0.0063,-0.26678766,-0.041178876,0.014360232,10
74,36047010600,5955.291988,-10,4,-3,,62.5612806,53.4311667,-8700.10702,-1837,-0.0372,-2.84703196,-0.023776253,0.001419301,4
75,36047010800,5957.065499,-1,12,1,,70.9031711,55.0992041,-2727.58364,-63,-0.0127,-3.6583991,-0.008521154,0.000351431,-1
76,36047011000,6236.399155,-1,-12,-12,,36.9058133,45.620508,-622.67896,13031,-0.0244,-1.62978723,0.002581896,0,5
77,36047011200,6759.423714,-1,-6,-6,,20.8468347,38.3942196,2721.3222,-1725,0.0078,-6.07570978,-0.010228709,-0.006055615,-3
78,36047011400,6352.215929,-12,3,1,,39.54268,42.6213337,2531.45347,2156,0.0061,2.9535316,0.001994789,-0.008475815,2
79,36047011600,6067.266769,6,21,7,,46.3629087,52.7092792,-1373.65204,-87,-0.0086,-0.57279116,-0.021806715,-0.003725627,0
80,36047011700,26579.20727,-2,15,8,,130.5654905,134.3328306,1559.87793,7350,0.0088,-0.70451694,0.024266215,0,-1
81,36047011800,8650.12755,-7,29,19,,46.3934161,52.5497311,-661.57338,-2861,0.0287,-0.32741398,-0.018698189,0.000141485,0
82,36047011900,94930.55383,1,45,12,,123.7282291,104.0733688,156.560237,-7287,0.0287,0.08584169,-0.004147874,-0.001573143,-1
83,36047012000,7570.883815,2,-27,-15,,40.8186998,60.1821659,671.08568,22000,0.0164,0.61497326,0.001997404,-0.001163164,3
84,36047012100,19552.01693,-11,-4,-3,,156.2928167,21.2829427,-104.95721,3482,-0.01,-0.25114155,-0.003448737,-1.55E-05,-2
85,36047012200,8702.686086,-3,23,11,,33.8344153,54.3231497,1218.20142,839,-0.0276,2.42277633,-0.005754317,-0.000268126,1
86,36047012600,10888.79006,-5,75,46,,32.0038091,6.7552233,972.05468,4607,0.0158,1.41666667,0.013124936,-0.00729927,6
87,36047012700,38531.33882,-2,-2,-26,,99.4860925,139.0563669,4359.15235,3058,0.0245,1.13372377,0.013491322,0,6
88,36047012801,2776.254064,-2,30,23,,27.0699014,41.8666969,1013.66428,8029,-0.0671,2.96681922,-0.02082605,-0.000559157,4
89,36047012901,27516.82198,-6,-12,-28,,143.3994503,43.8861932,-2175.84487,10072,-0.0108,-0.16030534,-0.021397783,0.003318125,-1
90,36047012902,25540.22812,2,29,9,363,102.0539954,51.5228531,-3179.83219,19335,-0.0268,-0.27687916,-0.025975452,0.000403593,2
91,36047013000,8255.339217,7,-9,-18,,44.194874,8.4689611,-308.28725,-2663,0.0107,3.65876777,-0.011637034,0.00052144,0
92,36047013100,31420.92664,3,-2,-4,,98.6064564,38.5793287,-1772.09344,13189,0.0195,0.00362465,-0.017143741,0.003017594,7
93,36047013200,3735.505351,6,25,19,,75.5857449,3.5982249,-3532.47587,-366,0.0088,-4.0304878,0.002533876,0.00059404,3
94,36047013300,29836.43895,1,-5,-1,,43.9289428,12.3162865,-296.49551,-9987,0.0351,0.65526091,0.001494332,0.001049167,6
95,36047013400,12550.89047,0,12,3,,49.2455735,12.2457761,540.71431,4453,0.0094,4.22537473,0.00777344,-0.006510417,-3
96,36047013500,30512.45187,4,26,10,,131.9952535,15.8132466,-1705.43374,-13135,0.0104,0.61,-0.018238987,-0.003900299,0
97,36047013600,10081.38746,1,5,-3,,54.7788366,20.4186562,1595.53543,-667,-0.001,0.82729104,0.01603587,-0.001387483,3
98,36047013700,30630.18181,7,-9,-10,,126.4016782,20.4470749,3720.53672,2517,-0.0059,-3.22889007,0.025246048,-0.003743866,0
99,36047013800,7607.289297,6,-34,-36,,31.4768825,18.4850479,-3281.71204,725,0.0056,-1.80473752,-0.002695243,0.002835539,-9
100,36047013900,30405.02754,5,-16,-13,,166.3026322,94.5215703,-530.55126,7963,-0.0487,0.82336707,-0.020395242,0.001955929,6
101,36047014000,3536.392379,1,9,3,,38.4079691,16.3725596,990.32531,2120,0.0225,1.84352078,-0.006380027,0.000806098,-3
102,36047014100,33248.85761,-1,5,0,,119.3454029,155.6239169,-8498.5373,8828,0.0218,-0.60055096,-0.0353723,-0.019785651,-2
103,36047014200,9436.982019,-7,44,16,,42.5362075,13.6845795,1118.26847,4844,0.0066,1.81617139,-0.024521698,-0.004111434,0
104,36047014300,43619.2202,-7,-20,-14,,118.4684191,85.1824925,-584.41248,13433,-0.0206,-0.37751004,-0.002549451,-0.000689992,1
105,36047014500,10242.19804,-17,-4,-5,,105.0363402,80.0566232,983.81576,4010,0.0263,1.51746966,-0.013461853,0.002455156,-1
106,36047014700,4986.477985,-1,-4,-3,,141.1297727,45.8511753,3810.0747,239,0.0051,-0.2892562,0.0130799,-0.006977826,2
107,36047014800,3222.405557,3,11,1,,64.1117517,39.4512359,1571.94004,-284,0.0099,-2.07569721,0.008417445,0,0
108,36047014900,50206.48862,6,8,0,,155.5453664,107.6062207,440.07758,49,0.0345,1.66167569,0.011839447,0.000333635,-1
109,36047015000,3223.574,-10,8,3,,47.8101083,4.0299773,-3006.99031,-11250,0.0199,-0.46021841,-0.008510188,-0.003676471,-1
110,36047015100,29999.70854,5,7,4,,172.5830204,70.5858563,-2376.44295,2728,0.0153,0.38386308,-0.029968121,0.009922114,2
111,36047015200,6444.798003,-1,8,6,,50.7821852,-2.4894589,1193.71778,17346,-0.027,1.15625,-0.020626598,0.000129237,-1
112,36047015300,30233.70753,18,-3,4,,179.0350947,46.0537131,-3700.55174,31458,0.0466,-0.95522388,0.004115954,0.000298572,-6
113,36047015400,22233.25009,3,10,1,,0,9.3095423,0,0,0,0,0,0,0
114,36047015500,30066.59662,-1,13,3,,195.0683626,57.5052899,242.30649,853,0.0041,-1.28414352,-0.001265339,0.003286621,0
115,36047015700,33639.4313,-1,9,7,,128.5742283,79.4494753,-1407.69809,4083,0.024,-1.01697073,-0.005987101,-9.28E-05,-8
116,36047015900,50340.34497,10,13,2,,128.7527074,110.0439355,-330.40079,-3047,0.0311,2.69170109,0.00606624,0.011396175,-4
117,36047016000,12114.03397,-7,12,14,,50.5015154,13.7724441,-4863.92553,-826,-0.0154,1.57652534,-0.035600095,0.000730821,-2
118,36047016100,39622.07808,7,53,26,,164.8624675,107.6220535,1419.96028,7833,0.0124,1.13397129,-0.009823597,-0.000408212,3
119,36047016200,11110.46522,-5,1,0,,61.3378091,23.227071,-3055.66839,-560,-0.0164,0.76660988,0.01569797,-0.003137255,0
120,36047016300,39995.53597,3,17,10,278,183.7149701,92.753422,1069.23866,763,0.004,-0.38966873,0.000794007,0.000880006,1
121,36047016400,37009.35468,0,1,2,,26.3752879,18.8172043,-64.910808,-81,-0.0285,0.41304348,-0.022222222,-0.011388517,0
122,36047016500,37438.61772,2,-2,-2,,161.8061784,112.9449071,-1208.44151,24117,-0.0054,2.09000321,-0.022035075,0.006696777,0
123,36047016600,6445.158562,6,5,2,,26.6994987,2.1221952,-2309.28725,15230,-0.0187,2.02339181,-0.009858176,-0.00918318,-1
124,36047016700,33935.12898,0,0,-6,,181.0994299,63.1682498,3127.95011,22643,0.0299,1.08163265,-0.020539878,0.000138488,-3
125,36047016800,3976.533947,-14,-5,-3,,57.7598282,15.4347896,770.15928,-703,-0.0091,4.10486891,-0.015392169,-0.003376477,-1
126,36047016900,17392.70379,1,13,15,,147.5155332,61.8710969,-1199.4091,12847,0.002,2.4729356,-0.004285454,-0.024312444,2
127,36047017000,4991.162097,4,11,13,,49.8015763,8.8371266,-2230.11363,-1625,-0.0215,-2.43709004,-0.016497127,0.001495827,1
128,36047017100,17290.44797,-1,-12,-5,,154.6155104,71.1511141,534.78381,7955,-0.0095,0.33653846,-0.021980813,0.001255029,0
129,36047017200,4925.704537,-1,16,18,,52.5650737,2.3243761,-2046.35184,-4398,0.0024,-2.08611599,-0.001625917,0,2
130,36047017400,3930.483652,-10,5,0,,39.5708977,13.2872649,1291.32603,18558,-0.0107,0.24879808,-0.000394413,-0.009061834,1
131,36047017500,3336.502936,1,5,11,,0,70.3575548,0,0,0,0,0,0,0
132,36047017600,3187.592407,4,-13,-10,,63.2414739,16.6666667,2090.0949,-2703,-0.0037,1.4432529,-0.003271333,0,0
133,36047017700,39175.16387,0,14,-20,,0,121.4866335,0,0,0,0,0,0,0
134,36047017800,3916.347385,-11,-17,-11,,16.8725682,10.9529648,-110.53821,227,-0.0165,0.51655119,-0.007885187,0.00028196,-4
135,36047017900,34302.60349,-4,-12,-10,,9.8032156,52.813544,2332.01444,9283,0.0092,2.76866132,-0.019031985,0.001830536,1
136,36047018000,4204.94771,8,-13,-8,,45.5353954,15.3014035,-485.3006,12681,0.0222,0.80801688,-0.008394267,-0.000184156,-2
137,36047018100,36467.6461,-6,23,9,298,141.1741503,46.7761083,1641.33913,267,-0.0003,0.43975597,-0.034554217,-0.000751755,0
138,36047018200,5304.313247,2,-4,-17,,40.1011867,15.0537588,-907.84752,9647,-0.0037,1.73309609,-0.002478111,0,0
139,36047018300,29656.85733,-1,-24,-12,,131.2938207,38.7463611,4564.65428,430,0.0025,1.8221722,-0.01666415,-0.007221589,-3
140,36047018400,4780.555712,1,-2,-2,,54.7926183,18.185552,2900.32174,-272,0.0155,0.18623482,-0.000956523,0.003021383,0
141,36047018501,23994.5451,10,15,-2,,87.6572416,44.8757879,6384.0043,5486,-0.0479,-0.23554736,-0.118589687,-0.000773438,3
142,36047018600,3624.143667,5,-4,-1,,55.5710279,12.1731691,4971.14199,-1896,-0.003,0.31101512,0.01084653,-0.000531848,0
143,36047018700,18521.94102,4,6,17,,118.0964916,57.429993,2113.75128,-9716,0.0775,-1.65102639,0.008941742,-5.47E-05,1
144,36047018800,5616.663664,-4,1,-6,,51.6334355,22.4639966,-709.52848,4982,0.0102,-1.14133987,-0.016981317,0.009405045,-2
145,36047019000,6825.721478,0,13,4,,46.2819364,36.4503736,-2627.27899,-2362,0.0057,-0.45853659,-0.003492086,-0.002678273,-5
146,36047019100,48736.17772,2,-7,-1,,129.1186516,46.9975393,-2340.2936,4005,-0.0014,-2.13143736,-0.028640947,0.003378636,-4
147,36047019200,7184.877292,0,1,-7,,41.087906,58.3602482,1528.42191,903,-0.0106,-2.23502654,-0.007726108,0.000611038,3
148,36047019300,51984.29642,-3,2,-5,,62.0827834,43.3183252,1248.29675,-619,0.0027,0.61318795,-0.005044033,0,1
149,36047019400,4308.1677,-1,11,6,,26.1780856,58.7975235,754.83905,-6519,0.033,-4.59289176,0.036747739,-0.000286539,-4
150,36047019500,26407.79139,0,-4,-9,,169.8362407,35.8330501,-5708.47812,-5203,0.0188,0.66604565,-0.005518738,0,0
151,36047019600,4546.774933,-4,17,8,,45.7945886,45.000335,-3796.12592,-7748,0.0095,-0.62608225,0.014781614,0,-3
152,36047019700,32730.34929,-2,-3,-4,,142.4531465,47.4099099,1891.0901,4917,0.0008,-1.08757962,-0.036395338,0,3
153,36047019800,3252.779177,-3,0,0,,51.311918,16.1749919,-1941.79176,-1458,0.0215,0.20467033,-0.003196671,0.00385929,-2
154,36047019900,36411.51246,-1,14,6,,96.5203249,46.1094594,8102.54076,11441,0.0087,0.3498818,0.021542578,0,1
155,36047020000,3256.205344,-5,-7,-6,,33.8398604,13.6424907,1632.44947,-2028,0.0152,2.49182004,-0.024597766,-0.00191195,-7
156,36047020100,33800.52467,3,9,-6,,152.4716037,34.2713059,-856.54372,10597,-0.0235,0.41201717,-0.005717985,0.000911144,3
157,36047020200,3255.499832,4,-2,-9,,39.5962289,33.0135919,-2151.46669,-2860,-0.0296,3.7695962,0.014061432,-0.010654725,-1
158,36047020300,30578.97971,-3,17,15,,105.1548835,109.1611229,1618.19348,-3969,0.0067,2.05456453,-0.03639439,-0.000715509,0
159,36047020400,3254.819574,-1,2,0,,63.2831285,-7.5456354,1325.72151,4324,0.001,-2.40772532,-0.004441201,-7.01E-05,0
160,36047020500,34698.4013,11,2,-1,,153.7770283,93.9317419,-713.53512,2496,0.0392,2.96176822,0.011057037,0.003491497,-2
161,36047020600,4114.001432,1,8,8,,53.7906422,5.0959695,-2249.73002,-6149,0.0147,2.08264463,-0.023347182,0,1
162,36047020700,29857.42486,5,8,-2,,171.2546954,58.3664979,-4217.88234,1974,-0.001,-0.38455477,-0.020125584,0,2
163,36047020800,3460.420023,-3,-7,-6,,47.7233496,11.1828548,-1445.75333,-3503,0.0361,-1.06291149,0.015643474,0.00082159,-3
164,36047021000,3622.173763,-4,7,2,,49.678593,74.6701123,-7458.42144,864,0.0132,0.40827147,-0.037284716,-0.000597872,0
165,36047021100,37521.69113,-1,-5,-5,,133.6859171,42.1010776,2893.82947,2909,0.0207,0.13475177,-0.012380011,-0.000569398,-1
166,36047021200,4607.865083,3,5,-8,,67.387997,68.2736879,-515.7357,2738,0.0043,-6.52098881,0.000935971,0,7
167,36047021300,23928.47405,2,-27,-33,,90.4438511,178.6998088,-407.85444,2217,-0.0177,0.39725243,-0.015802073,0.003342086,-2
168,36047021400,6358.672733,-1,42,23,,53.7269022,53.0001813,-848.08816,1245,0.0297,-0.80381166,0.013742487,0.000495363,0
169,36047021500,32533.24031,-3,-6,3,,87.76536,147.7300395,502.88797,3075,0.0128,-0.93400649,0.016367607,-0.011114886,0
170,36047021600,6366.695777,-4,-8,-5,,33.6738739,53.2334904,1925.03489,1997,0.0317,2.41864018,0.02281543,-0.015467983,0
171,36047021700,17629.27385,-1,10,-8,,96.9997748,99.3823636,43.28425,3694,0.0102,-1.02110818,-0.053877083,0.000272861,-1
172,36047021800,5974.69061,4,-18,-11,,42.2471109,52.5414431,-131.28821,-5027,0.0733,0.76262626,0.026671693,0,0
173,36047021900,21673.93621,-8,-5,5,,87.5432367,166.3242334,387.49643,4445,-0.0025,-1.87941473,-0.011524501,0.00275558,2
174,36047022000,7354.899355,0,11,1,,20.7912208,59.1931758,2999.53491,260,0.001,-0.19784173,0.012153958,0.003409091,0
175,36047022100,22108.4474,-1,20,19,36,76.4789178,148.7098043,-4161.44715,5871,0.0546,-1.73446047,-0.003198777,0,-3
176,36047022200,6669.872318,-10,1,-3,,34.2987411,53.2734384,-5056.96643,-5163,-0.0179,-1.92913386,-0.015072818,0.005790963,2
177,36047022400,6646.368715,-4,-22,-19,,41.3089652,46.912108,-1268.69592,2568,0.0286,-4.35875564,0.006231724,0,1
178,36047022600,5912.715819,10,-6,-14,,45.945425,66.3074735,-2504.08293,-4172,0.0164,5.00492611,0.020065241,0.006018332,-3
179,36047022700,46399.03137,-15,-10,-5,100,74.5688824,32.492412,2657.13019,19399,0.015,0.05285868,-0.010153982,0.001535166,-5
180,36047022800,6336.681878,-5,-9,-3,,57.3027801,69.3009359,-835.61576,962,-0.0049,1.48428835,-0.025717989,0.000985073,-7
181,36047022900,33116.40201,3,-18,-10,,63.2338909,48.233455,-919.4365,8980,-0.0122,0.0526057,-0.019176207,-0.000251577,2
182,36047023000,5714.53917,0,-1,-7,,57.6976659,58.908851,5301.76588,5565,0.0056,-0.21119903,-0.020981914,7.51E-05,0
183,36047023100,30723.43979,-9,26,21,,127.0301396,60.885449,471.16547,-6136,0.0417,-1.7169615,-0.0213774,0,0
184,36047023200,8569.651329,1,14,7,,63.6752321,49.9511271,-1681.91079,-173,0.0009,-2.9801444,-0.004585553,0.006681503,-5
185,36047023300,27020.29673,11,30,5,,70.0923635,43.2932765,1145.47071,395,-0.0049,-1.72224781,-0.043231022,-0.003484025,5
186,36047023400,6427.600767,-4,-7,3,,49.1500478,50.2859145,-3127.2139,1067,-0.0135,-3.3,0.005021923,-0.000396966,0
187,36047023500,27284.48556,11,9,22,,58.5060349,46.9536166,859.83227,-5374,0.0643,-2.40273038,0.005564107,-0.002582431,-4
188,36047023600,6430.107045,-4,1,1,,59.3280892,54.6462671,-1921.30826,646,-0.0006,0.60786974,-0.001661504,0.001732804,0
189,36047023800,6431.340298,9,-8,-13,,68.9357378,54.1906603,-1509.31245,-1179,-0.0347,-2.30075188,0.011419782,-0.005178201,0
190,36047024000,6426.328501,-11,-2,-3,,57.502355,61.1011217,-2456.46703,3021,-0.0138,-1.4684466,-0.030956609,-0.000173999,2
191,36047024100,28336.2698,-6,-56,-30,,55.6871655,74.320634,4843.25154,-2377,0.0176,1.21132075,0.005083156,-0.009381663,-7
192,36047024200,7247.713627,3,9,6,,49.5916459,57.9297365,-879.31981,14417,-0.0005,-2.45641026,-0.003141125,0,1
193,36047024300,24269.06745,-1,5,3,,54.6433164,68.6678648,-1761.91236,-803,0.016,-0.74987975,0.031256349,0.005272581,-2
194,36047024400,5878.431106,3,3,9,,64.0306143,65.0815563,416.99507,-423,0.0161,1.47126437,-0.002003996,-0.00219302,-4
195,36047024500,26234.96599,5,-6,-6,,67.8368574,72.1474364,5712.44032,6133,-0.0134,-0.40180361,-0.034774828,4.75E-05,-3
196,36047024600,6544.645807,7,2,1,,58.4838053,57.6002383,-1677.92016,1106,0.0063,-0.07125307,0.022708998,0.000131465,-1
197,36047024700,26851.06033,-1,3,6,,76.6461279,47.7868724,2715.57375,3086,-0.0176,-0.10739437,-0.031970362,0,5
198,36047024800,5642.84836,9,6,14,,45.8235024,49.3189216,-117.70655,5773,-0.0144,0.54216867,-0.016770685,0.007414897,-1
199,36047024900,26493.56169,6,7,-12,,81.6887695,64.8834186,3612.23674,8471,-0.0023,-0.02396426,-0.01856097,-0.009734578,-4
200,36047025000,5562.082262,2,2,6,,23.9142178,56.085481,-2657.06989,810,-0.002,-9.01858108,-0.01832077,0,-3
201,36047025100,21775.32313,-23,-30,-16,,70.6193411,73.8911371,-916.3884,7769,-0.0415,1.44015444,-0.022278636,0,1
202,36047025200,5811.029066,-13,-3,-3,,61.7413449,58.4683923,-42.86445,65,0.0033,1.88399072,0.000467615,0,1
203,36047025300,25446.43969,-7,-1,-2,554,47.7250136,67.5354901,4337.0198,4444,-0.0065,-2.96460177,-0.003493178,0,1
204,36047025400,5625.785462,5,-12,-17,,53.9012995,65.6302907,1343.0148,-2245,0.0674,-2.61592633,-0.009207679,0,-1
205,36047025500,21798.54699,-7,-28,-29,,0,91.8517778,6407.9476,-847,0.0033,-0.37366348,0.000685588,0.005083985,0
206,36047025600,5554.735892,-10,-9,-13,,42.0774465,56.6424353,-433.45957,-5650,0.0159,1.09906676,0.01742912,0,-6
207,36047025700,28478.48088,12,12,5,,48.3472417,79.6230847,3789.46245,4226,-0.0154,-2.1184669,-0.008003063,-0.00097501,3
208,36047025800,5456.727935,-15,-10,-10,,32.6467876,42.4844016,258.66238,-909,-0.0142,1.15677492,-0.029410023,0.006013719,-2
209,36047025901,12616.11677,-1,-6,-5,,60.4402542,70.832731,2162.71081,5239,-0.0179,0.42534909,-0.00419542,-0.000348416,1
210,36047025902,9370.22808,20,28,21,,0,103.2829215,-43.4861,266,-0.0239,1.19767442,-0.108483309,0.006960891,0
211,36047026000,5220.866075,7,-5,-6,,51.7055967,33.8205912,-4118.79483,1596,0.0056,-0.5726275,-0.00862486,0.000815434,-2
212,36047026100,31355.50597,28,0,20,70,48.4256352,65.7271803,-5143.14216,6369,-0.0169,2.58248779,-0.007506332,-0.006529061,3
213,36047026200,5060.409517,-8,6,7,,37.0882789,15.2628178,-295.32209,758,0.0072,0.57837838,-0.00854959,0.002115954,2
214,36047026300,18806.1439,10,19,-2,,63.3638039,69.1124793,-2966.69642,-711,0.0356,2.71145374,0.001334997,0.001569751,0
215,36047026400,6073.269787,13,1,2,,55.2693674,16.9365484,-2775.16876,-3074,0.0082,-1.62681959,-0.001161896,0.004914065,-2
216,36047026500,25096.0917,-9,2,-6,,72.1081767,73.0148737,584.1806,1245,0.0005,2.16252955,0.011466238,0.001289551,5
217,36047026600,5318.082198,-4,-8,-4,,58.1710111,41.612044,2950.67133,-1512,-0.0137,-0.15886618,-0.013921182,0.003212603,-4
218,36047026700,25088.80925,4,-9,6,,82.4930334,65.4956063,5940.85757,1610,-0.0044,3.26738883,0.010036322,-0.001419221,0
219,36047026800,5737.124387,-9,5,1,,53.1868714,12.6461765,-332.84483,11005,-0.0065,0.09705882,-0.008040125,-0.000793333,3
220,36047026900,21061.14631,-15,9,5,,68.0936543,30.471111,5684.80505,149,0.0384,-0.76440922,-0.011584282,0.006738544,4
221,36047027000,4295.571437,-4,-7,-3,,39.9602834,9.9664522,-2300.01724,1296,0.0144,3.11713456,-0.013114825,0.002595345,-2
222,36047027100,38591.61764,7,21,8,,65.2675768,31.2575698,1543.18047,4622,0.0881,-0.50289495,-0.023186343,7.87E-05,5
223,36047027200,4236.19933,6,-9,-7,,45.7729447,5.8001747,-156.78807,-149,-0.0012,1.79508688,-0.017927587,0.004444557,1
224,36047027300,21445.75216,-1,-6,4,,84.3857225,68.1847996,4256.09193,3620,0.0063,0.37897527,-0.041077087,0,-5
225,36047027400,5236.924669,-6,-23,-12,,55.6059687,10.3502414,-95.12676,2336,0.0044,1.81927711,-0.00263099,-1.05E-05,2
226,36047027500,23219.01813,-10,-24,-17,,78.7504539,62.5566581,2460.89839,4885,0.0079,0.68153527,-0.020805539,-0.00382642,-2
227,36047027600,4789.078532,-5,-1,-10,,35.3832279,32.3205114,-3345.9283,5746,0.0026,0.08312716,-0.009920197,-0.003272557,3
228,36047027700,23223.0799,-3,33,21,,77.8896468,109.369562,-2284.69879,2394,-0.0172,2.48310388,-0.043577069,0.001190915,1
229,36047027800,5144.163296,-4,5,6,,7.723132,28.8841135,694.01145,3822,-0.0213,1.49073388,-0.019161247,0,2
230,36047027900,23196.52208,-11,7,1,,58.5663799,126.4337919,2287.29582,821,0.0112,-2.87719298,-0.018718149,-0.000520163,0
231,36047028000,3315.201081,-3,12,3,,20.4628169,29.5828684,-425.80697,1683,-0.0217,1.13570487,-0.002316429,0.008469449,4
232,36047028100,23198.80812,-22,-43,-36,,48.295107,109.0026438,-1343.47118,2019,0.0096,-2.41835518,-0.015478369,-0.013063089,3
233,36047028200,4057.651043,-16,9,8,,26.348488,24.6488986,272.14614,16776,-0.0023,-1.13863338,0.002213813,0.000574146,-1
234,36047028300,17459.64011,14,14,6,,46.5757447,112.4213436,-170.0104,434,-0.0032,0.85857909,-0.022771856,-0.008252448,2
235,36047028400,5265.419992,-17,-14,-1,,36.2207082,5.1087234,1529.4872,3894,-0.0098,0.11536089,-0.066536645,0.001562475,11
236,36047028501,11009.51788,-1,-21,-17,,53.6181571,204.9400922,4324.89192,7447,-0.0553,1.26923077,-0.075374694,0,0
237,36047028502,17172.15106,8,0,-7,,0,83.4545936,2657.61445,1592,-0.032,11.74174174,-0.018910231,0,0
238,36047028600,4153.607863,-2,-1,-3,,50.8952826,28.7089849,-669.21538,-2170,-0.0671,1.09455587,0.014774791,0.003406432,-4
239,36047028700,21353.35283,-10,16,-19,,58.2887113,151.2249009,-1529.07039,-1654,0.101,3.53068933,0.033762735,0,7
240,36047028800,4898.477135,-3,-13,-8,,36.4724189,11.8544136,1440.6893,7071,-0.0095,-1.95051924,-0.0159605,0,-1
241,36047028900,23705.38231,-15,12,8,,70.9202332,132.6559024,2379.09258,3460,-0.0167,-2.14036313,-0.076123537,-0.005820058,-2
242,36047029000,4959.471029,-2,-20,-9,,50.550621,4.7524121,-485.47756,6984,0.0094,-0.19637959,-0.018737327,0.006161358,-1
243,36047029100,23586.48232,9,-13,-6,,61.5300001,165.8553847,1038.23648,7365,-0.011,2.70722714,-0.052740667,0,3
244,36047029200,4885.413446,5,-1,-4,,37.6278544,15.1926015,3563.24953,3129,0.0021,1.90194421,0.001994519,0.007769162,1
245,36047029300,23560.17144,-2,-1,2,,66.1783339,97.7627772,-110.23309,3848,-0.0088,1.0845987,-0.00601002,-0.008610742,-3
246,36047029400,6020.446516,-4,-13,-35,,50.6082803,15.6305448,-397.43795,1081,-0.0085,3.05300353,0.003432156,0.00048015,-1
247,36047029500,23577.85689,1,15,8,,70.4298422,65.801402,896.97018,-753,0.0019,-0.29121422,-0.013729336,0,3
248,36047029600,6863.635437,3,30,21,,45.6098006,-0.0829728,-3217.52146,7982,0.0047,-0.78888889,-0.021962451,0,-8
249,36047029700,30299.01054,-18,-45,-48,,77.4549459,72.5192765,2885.3141,2334,-0.0105,-0.09693053,-0.085567446,-2.43E-05,-4
250,36047029800,6840.504316,5,18,12,,75.4722394,26.550502,1935.21468,-5203,-0.0593,0.21529745,0.017220754,0,-3
251,36047029900,21156.1794,4,-12,0,,43.2192526,70.3608177,2309.66934,4587,0.0014,-2.23103851,-0.029741233,-0.006909789,1
252,36047030000,6042.062637,2,9,13,,90.4273789,12.8774271,-504.58699,-18628,0.0191,1.50854449,0.004936559,-0.000246226,0
253,36047030100,16972.30313,9,16,12,,45.3618562,158.0565109,-1745.02723,7845,0.0075,-2.04479065,-0.035211085,-0.001932228,1
254,36047030200,6542.057329,1,-2,0,,94.2108433,18.1292512,1299.9157,-370,0.0046,2.76483164,-0.043689205,0,1
255,36047030300,22135.44382,3,20,9,,8.8187127,196.9220464,3074.25206,7257,0.0391,3.57446809,0.005093932,-0.003047604,2
256,36047030400,14400.77523,-6,15,4,,84.2554545,12.9755148,827.87004,1398,0.0262,2.02990033,-0.033848322,0,3
257,36047030500,47535.0874,-7,16,-1,147,91.8963932,78.9451499,730.85141,6738,-0.0059,1.77018163,-0.034080604,0.001478522,0
258,36047030600,3047.102627,-2,7,-3,,86.2392268,8.0061367,-989.56515,-14077,0.0005,4.18292683,0.013718046,0.003664921,-2
259,36047030700,39153.71557,-12,-68,-55,,38.7396438,130.8357291,1199.26678,-3951,0.0542,1.856,0.001373854,0,-4
260,36047030800,10752.60874,1,-19,-16,,76.0051757,10.5018369,18.930821,-4439,0.0045,0.53225806,0.00213509,0,-7
261,36047030900,21022.51486,19,16,17,,52.6038979,137.0562221,-2051.99939,3708,-0.0255,0.22413793,-0.004179734,-0.008056872,5
262,36047031100,21498.63948,4,-40,-26,,66.0850751,134.3184032,2965.40922,5270,-0.0123,2.09825674,-0.003440835,-0.00191631,-4
263,36047031300,25641.02667,-1,10,-3,,77.9034435,131.8036939,6178.72947,6710,-0.011,-1.47933884,-0.028623419,-0.002279244,0
264,36047031400,13192.40401,-2,7,-3,,80.3572704,17.3004315,1047.69048,16070,-0.0481,2.26342452,-0.008364117,-0.000800268,10
265,36047031500,26495.76922,6,-5,14,,61.5259609,137.8552173,6281.93375,3117,0.0947,2.12719469,-0.034497757,-0.000303203,2
266,36047031701,20597.34013,-2,-10,-11,,56.9345955,178.8530167,4244.33118,1814,-0.0046,0.84611674,-0.003240162,0,-5
267,36047031702,20596.49391,-14,2,-6,46,63.9739755,171.9288785,-2297.50542,9561,-0.0077,-2.20215495,-0.015497158,0,-3
268,36047031900,19709.99754,1,10,10,,51.1654663,164.7661593,1009.67598,7631,0.0315,1.87055016,-0.077261326,0.000761011,-4
269,36047032100,20849.72274,17,-8,-49,,56.2201454,129.0247369,1763.36622,931,0.0015,-0.4288522,0.034356278,0.001611394,-2
270,36047032300,22536.19154,1,23,19,,62.9463105,147.7566778,-179.60141,10031,-0.0049,0.91031875,-0.017715349,0,0
271,36047032500,21931.27571,-19,-45,-27,,105.6983691,147.3600795,1414.8743,4314,-0.0321,1.32305433,-0.036321528,0.001368893,8
272,36047032600,5241.846841,-42,-33,-48,,53.5529144,23.5609031,1731.78977,3372,-0.0286,1.31561462,-0.013166808,-0.00124246,4
273,36047032700,19006.23734,-19,-27,-14,,87.8130437,115.0924092,117.00965,-2535,0.0177,-1.37062937,-0.015128824,0,5
274,36047032800,3709.503926,-1,-49,-37,,66.282161,6.2805077,-1824.25205,8699,0.0256,5.34499514,-0.016008109,0.018883415,-1
275,36047032900,16789.44173,22,5,-14,,21.4617203,79.1001185,3543.43511,-3019,0.0079,-1.11462789,-0.119303196,-0.000580232,-4
276,36047033000,5703.562718,27,30,-8,,73.9543197,18.085415,-214.19928,431,-0.0213,-3.75715454,-0.039466851,-0.00303256,-2
277,36047033100,18552.93195,8,13,18,,46.6497546,169.953617,-5817.58386,-1896,0.0141,-1.76403857,-0.004198576,0.008708634,-2
278,36047033300,24267.31417,-8,23,17,,37.8176323,78.515553,236.28921,-1636,0.0008,-1.50584997,-0.02365694,-0.005000015,0
279,36047033500,23531.14602,5,-16,-12,,61.4264801,197.5212293,-1175.42998,-8331,0.0035,0.22046414,0.021849397,0,-1
280,36047033600,10796.97125,14,6,9,,55.4021803,15.5848665,-259.87795,9157,-0.0197,3.60414453,-0.021486785,0,3
281,36047033700,29123.73406,2,1,-6,,60.5434937,185.5307618,3670.20336,6605,0.0071,-0.81077914,-0.065757344,0,0
282,36047033900,26640.12983,-6,11,3,,63.4099932,178.4904869,4198.69047,2339,0.0011,-0.07518797,-0.010462526,0,-3
283,36047034000,2066.224765,-2,-8,-18,,0,13.5718273,159.76064,3259,0.0162,-0.48096192,-0.030943741,0,-1
284,36047034100,20601.70894,-4,6,9,,75.802576,157.5682081,-667.08888,-47,0.0577,0.74734446,0.009793206,0,3
285,36047034200,3663.60119,15,23,-12,,44.7296556,16.8236635,1013.65305,1146,-0.0235,2.12664474,0.010311135,0.004914505,-4
286,36047034300,23900.1274,8,5,-5,,61.4715098,190.9270303,-4600.18668,-185,0.0046,-2.24556213,-0.018727552,-0.003531489,3
287,36047034500,24113.82973,-7,-13,-16,,43.89245,146.6848685,4575.24559,-4574,0.0032,-0.26422764,-0.074266051,0,-2
288,36047034700,20602.61378,11,-18,-18,,28.0856982,128.9744217,926.46462,7527,-0.0148,1.83378933,-0.025436446,-0.000122623,2
289,36047034800,10076.59501,-11,12,7,,53.9608994,25.4302284,1341.07269,10629,-0.0717,-3.44741533,-0.040938209,0.002635661,-3
290,36047034900,24056.3024,-4,-34,-21,,34.5739727,163.1798284,10076.9139,709,0.0056,0.36462244,0.012171823,0.003001682,-10
291,36047035000,3127.692508,3,-37,-27,,0,54.1450471,-1121.38019,3637,0.0322,3.86882453,0.023237266,0,2
292,36047035100,24027.28939,-27,-9,10,,41.9711294,181.4363992,-2494.46968,7888,0.0351,2.28488372,-0.003521202,0.002166015,2
293,36047035200,15796.15617,5,-12,-10,,7.2664261,20.1689409,-63.877385,433,0.0904,-10.78217822,0,0,-6
294,36047035300,24040.18136,-2,-16,-6,,46.8337427,181.3620549,-3763.52553,-362,-0.0249,1.68557608,-0.004910732,-0.000834678,1
295,36047035400,6022.207805,-10,-2,-43,,0,43.2777753,-218.64173,-2825,0.0367,2.55040323,-0.017624093,0,8
296,36047035500,18033.09611,-10,-19,-5,,46.7418407,218.5752565,748.507,7389,-0.0193,0.77801724,-0.02165251,0,0
297,36047035601,1024.284305,3,3,-1,,0,51.6304348,3666.0007,8441,-0.024,4.82261029,-0.005730051,0,0
298,36047035602,2787.164516,-1,-16,-3,,0,38.3468958,2578.56202,3452,-0.0184,-1.36315229,0.012133656,0.001621403,-1
299,36047035700,26758.41775,-12,-5,3,,39.8335355,189.7459298,-71.33717,1865,0.0077,-0.20588235,-0.018864005,0.002470773,-1
300,36047035900,27016.14301,7,9,24,,32.9727172,155.593853,295.40057,-60,0.0214,-0.66184352,-0.023548254,-1.08E-05,-1
301,36047036001,3273.251445,-1,21,14,,51.4369727,32.3293747,654.34597,-2688,-0.0136,-1.71875,-0.004846123,0.004459691,0
302,36047036002,2967.284271,-6,25,17,,0,21.1647617,2619.1371,-1595,-0.0145,-2.79268293,0.03736342,0,0
303,36047036100,12091.51158,8,-9,-12,,46.7910761,127.0792214,4599.29871,284,0.0133,-5.14037123,-0.113200907,-0.000803653,3
304,36047036200,5906.348033,3,-28,-32,,50.8101354,11.0830335,393.55124,858,0.0202,3.04748405,-0.042723927,0.002006466,-3
305,36047036300,22671.79802,1,0,-2,,4.3606902,165.8746144,-1585.51333,-1185,-0.0303,-1.4119898,-0.023670151,-0.011359738,0
306,36047036400,4945.825129,-4,20,22,,38.7705214,28.8937605,2892.62373,1563,0.0015,1.6964657,-0.004250343,-0.008895973,5
307,36047036501,11029.16329,-1,15,8,,5.3682369,195.0223355,1660.34594,1826,0.0566,-0.37137681,-0.057369138,-0.002276176,2
308,36047036502,10510.92978,-10,-43,-44,,-0.059445,157.2298469,2493.41424,6386,-0.1561,-0.71989529,-0.036278579,0.000391967,-4
309,36047036600,8067.537028,-21,15,6,,67.094499,43.2947578,3264.16749,3321,0.0094,-1.2104728,0.002956503,0,1
310,36047036700,16112.22279,6,-18,-21,,35.1294267,140.5655476,-1820.27933,-9171,0.0457,2.65679443,-0.001182537,0,2
311,36047036900,19792.29277,5,-55,-50,,34.4312737,117.4647509,7596.24118,9553,-0.0158,-1.7686747,-0.024647451,-0.000416919,2
312,36047037000,11616.59152,-5,-20,-19,,79.968524,25.2660136,1755.14768,-5648,0.0069,0.5112782,0.010399691,0.006180513,-12
313,36047037100,16528.49979,3,-22,-15,,56.1884243,140.0140463,-1326.81925,3863,-0.0279,1.83116883,-0.027444885,0,-5
314,36047037300,14910.51614,-9,-34,-16,,34.5176792,168.0280007,-136.46932,591,0.0084,-0.42433234,-0.013221608,0,2
315,36047037401,3550.25345,-3,15,12,,77.8878714,20.5379342,1033.58671,-5774,0.0274,2.30419374,-0.000933115,-0.004873176,-2
316,36047037402,4743.467281,-1,4,-2,,72.0517793,23.1466641,2660.62196,1330,0.0017,2.20387305,0.027269431,0,2
317,36047037500,22749.47927,2,1,20,,66.6131579,126.4269562,668.68454,-1342,-0.0154,0.56991525,-0.04229043,0.008123563,3
318,36047037700,27248.70191,-15,-73,-48,,65.9177893,177.1133874,-3090.95491,339,0.0117,-1.18065343,-0.025991352,0.004680876,-2
319,36047037900,26325.0055,11,-24,-26,,37.9630743,172.989064,507.39753,-3392,0.0004,2.68872987,-0.046569734,0.002193999,2
320,36047038100,35304.78169,3,60,50,,70.5435766,58.5932644,-3925.16011,-625,0.0337,2.41653905,-0.045568781,0,3
321,36047038200,3667.609501,-5,-1,-19,,72.1792019,10.6027132,1188.83635,1293,0.0211,3.37420382,0.014938306,0.004072629,0
322,36047038300,25003.89643,-30,15,16,,82.262291,70.0030317,-3798.79422,17034,0.0301,1.47188264,-0.021797771,-0.023975651,-2
323,36047038500,24990.20961,-24,-4,2,,66.4774413,79.079092,1455.02431,8652,0.0244,2.76210654,-0.074913701,-0.000984998,-2
324,36047038600,3954.732422,-18,-7,-6,,59.3198144,34.5046535,865.49342,790,0.0114,0.36118785,-0.007779785,0,-11
325,36047038700,26971.78896,-17,-3,1,,65.5366553,175.4790806,3975.60213,4039,0.0004,-1.99203187,-0.067775789,-0.00498132,-1
326,36047038800,8771.301383,-2,11,9,,65.7598249,51.5418818,-5207.90515,2331,-0.0041,-2.24203822,-0.015527601,0.002579536,-1
327,36047038900,21546.01119,20,-27,-13,,59.0955846,51.168698,-2957.11537,1556,-0.0033,-0.20473448,-0.020110141,0,-2
328,36047039000,7703.894488,1,18,19,,84.6054746,37.8553136,461.85922,6568,-0.0131,-3.5,0.02723877,0.000418107,1
329,36047039100,21978.05531,6,10,8,,77.5011427,43.267126,1106.60858,1415,-0.0109,1.01855533,-0.029623542,0,0
330,36047039200,7737.82353,-5,10,6,,83.3891,25.2523507,786.17009,7599,0.0417,0.82006543,0.010857648,0.063750163,4
331,36047039300,25079.14134,1,27,4,37,59.3441595,58.2345376,3114.21674,-1994,0.018,2.43447038,0.001982506,0,-4
332,36047039400,8512.747047,-2,-9,-8,,116.4391663,24.1608859,-188.76745,914,-0.0115,1.94687915,-0.024518853,-0.000770135,-1
333,36047039500,21124.62475,7,-10,-15,,75.1573247,76.9178622,9243.00422,14917,-0.01,-0.27067255,-0.030731341,-0.00131727,-1
334,36047039600,7236.914543,2,2,-4,,106.0308646,31.5240368,-983.33588,-884,0.0186,1.2063253,-0.022430917,0.006015038,0
335,36047039700,21050.34565,2,45,25,,48.8342796,72.5370076,3205.78833,-1879,0.0406,-1.76385889,-0.025923639,0,3
336,36047039800,3192.472225,0,-19,-9,,63.5460137,24.8876651,-382.93805,696,0.024,1.57709251,0.002389937,0.00107783,-2
337,36047039900,20002.36788,11,-23,-3,,51.1807148,73.5545487,856.27303,3679,0.0095,1.86160397,-0.002278423,0,2
338,36047040000,5946.860647,-8,-6,-2,,64.7988678,20.1641284,-1402.91347,6991,0.0187,-3.62982589,0.001226682,-0.000710195,0
339,36047040100,21109.18026,7,6,-3,,59.8608114,84.0370588,-2580.16058,2778,-0.0218,0.33957553,-0.048922096,0,5
340,36047040200,6118.124053,-2,2,-7,,75.810281,35.7124896,865.4777,1828,0.0233,0.86406995,0.011392588,-0.001633914,0
341,36047040300,27810.67386,9,-51,-31,,61.3857814,68.6970383,566.59257,-1005,0.0137,3.05434783,-0.114863785,-0.017094998,-1
342,36047040400,4759.851275,3,5,8,,56.6283607,17.3253114,-1820.37229,12381,-0.0036,-0.07906977,-0.022288469,0.00050308,-1
343,36047040500,18242.55415,1,-13,-2,,68.5817307,63.4776121,957.64419,11149,-0.0044,4.8983269,-0.110729775,0,0
344,36047040600,4555.074622,-8,4,2,,39.4051937,31.9885265,-3839.65329,-7388,0.0791,1.77681785,-0.023377256,0,0
345,36047040700,66615.06251,2,7,4,,0,59.408867,0,0,0,0,0,0,0
346,36047040800,4737.262639,-3,-7,-9,,41.3389453,43.1330352,1473.41109,-2295,-0.0124,0.00503235,0.010731697,0.002064288,-2
347,36047040900,32458.15629,12,4,-7,,44.1812283,71.7375369,-1155.88144,6346,-0.0289,-2.18998794,-0.012250031,0.007322404,1
348,36047041000,4425.757089,3,-11,-4,,68.8394745,21.2598169,598.22323,-1964,0.0022,-1.05719557,-0.022576818,-0.001196867,2
349,36047041100,17854.14146,15,1,0,,65.8137297,75.8167326,-4394.88465,323,0.0834,8.12099125,0.013363834,-0.002691388,1
350,36047041200,5121.119448,2,-14,-5,,55.178528,33.6492748,4793.8932,10139,0.012,6.43591654,-0.017706221,0,0
351,36047041300,21448.5968,-3,-18,0,,57.4941821,81.8527525,-2363.72256,772,0.0695,1.79448909,-0.015582885,0.002371354,-1
352,36047041401,5987.982328,-1,-4,-1,,94.4554288,34.6357505,249.17536,5976,0.0077,-1.80403458,-0.047663013,0,2
353,36047041402,6825.10897,2,2,0,,282.79362,16.1105544,2589.85132,9491,-0.0742,0.48818898,-0.010276718,-0.005918583,0
354,36047041500,21523.21424,21,10,1,,57.5608455,64.193918,-2658.56876,-482,0.0414,-0.92436975,-0.033830957,-0.000919815,3
355,36047041600,7204.059238,5,7,4,,65.6580341,18.2565245,-1784.43782,166,-0.0508,1.87928844,-0.003445942,0,2
356,36047041700,18667.54677,14,-7,-7,,54.6893954,74.3805883,917.51434,5683,-0.0117,0.09968102,-0.001066903,0,-5
357,36047041800,7282.085897,-4,-16,-12,,113.415956,33.5187435,6288.90166,486,0.0087,-1.34236805,-0.005763084,0.004515607,1
358,36047041900,20237.77031,29,24,20,,58.8249461,74.796124,-3639.21691,3627,0.0375,-0.15139949,-0.031813576,-0.005633424,-2
359,36047042000,7473.539675,-4,-9,2,,106.6348606,41.5378011,-3040.83008,3531,0.0433,-8.46153846,-0.000536673,0.001011302,5
360,36047042100,20285.51235,10,10,3,,59.8379044,70.4856145,3427.94422,5121,-0.0023,-0.90321122,-0.012813825,0,-4
361,36047042200,10089.22718,2,-5,-1,,94.9666053,35.6036775,307.1526,-882,0.0059,-1.06228374,0.000625723,0.000283734,2
362,36047042300,24101.64312,11,-24,-23,,62.8798922,47.3790195,-3809.0565,-3810,0.0102,0.31920904,0.011654872,-0.003153681,-2
363,36047042400,4988.206177,1,2,0,,55.5370958,28.4923951,5693.62272,2180,0.028,0.21432537,-0.008915289,0,0
364,36047042500,22198.75976,2,-5,-20,,66.207779,62.5666215,401.21732,3879,-0.0428,1.14824798,-0.051185437,0,0
365,36047042600,5266.220031,-7,-10,-14,,41.1773156,8.4923,-2696.53388,-1472,-0.0131,1.21374812,-0.003545228,0.000877115,-3
366,36047042700,28805.40392,13,-1,-6,,91.0658751,42.8001447,-1963.24948,648,0.0367,0.77441541,0.008809349,-0.003827228,0
367,36047042800,5101.979147,-4,-5,3,,37.7751527,3.3462353,62.9026,2118,-0.0065,1.09939759,-0.000202819,0.000305339,1
368,36047042900,32488.86068,-6,-19,-11,,51.8617124,53.5324574,1047.48663,-889,0.0271,-0.71483555,-0.012894625,-0.003685504,5
369,36047043000,4957.128498,-4,-8,-4,,51.2265093,30.6386972,178.03373,2621,-0.0178,0.60608309,0.01064609,0,-1
370,36047043100,32502.84651,2,8,-4,,62.4486345,62.8669894,-3895.5746,8172,-0.036,-1.47810219,0.011666454,0,-11
371,36047043200,4610.26976,2,-31,-20,,64.2512714,21.0108458,-1044.22011,-840,0.0297,0.17939872,-0.005272847,0,0
372,36047043300,32510.16648,8,25,12,,58.0389719,79.9276306,-4587.45172,-250,0.0289,-1.23572228,-0.006784088,-0.000108803,2
373,36047043400,4326.159969,-5,-32,-17,,54.2365572,28.0283837,-760.35154,3293,0.0203,1.47780127,-0.017267801,-0.004091007,4
374,36047043500,32493.647,-1,-13,-21,,58.9908688,72.2361323,-2125.49296,-690,-0.0571,2.82616569,-0.017197438,-0.003713864,-4
375,36047043600,4259.996718,1,-22,-17,,44.7721735,19.7985426,-2768.5013,-6504,-0.0497,-2.67108168,-0.024116764,-3.50E-05,-3
376,36047043700,32294.33748,3,-36,-15,,43.6008957,86.7548429,-3378.35138,1558,0.0158,-1.11413043,-0.046322886,-0.002323334,2
377,36047043800,4342.781221,2,0,-1,,106.5140899,26.9435386,-647.21353,6023,0.0419,0.46473779,-0.033739282,5.55E-05,-5
378,36047043900,38263.49723,7,-7,-10,,47.7859434,83.7473081,-2388.06914,-2434,-0.0003,0.24412297,-0.022324726,-0.00320587,-4
379,36047044000,5606.184036,-3,-23,-24,,69.3411679,12.595311,-693.92099,3864,0.0138,0.49588477,-0.000556851,-0.003226097,5
380,36047044100,27251.96881,12,4,-5,,61.5742377,73.7735968,-3616.2099,3509,-0.059,1.23376623,0.019611547,0,-1
381,36047044200,5088.859591,-3,5,2,,40.0870208,27.6429348,4136.47715,10729,0.038,-0.89880405,-0.003221869,0,0
382,36047044300,32163.82867,9,-19,-8,,61.3139196,69.5792567,560.09886,1755,0.0113,-1.83956659,-0.001476064,0,-4
383,36047044400,4854.96103,14,1,-5,,58.5575248,18.6446253,311.60931,2687,0.0383,-2.22040816,-0.04744287,-0.000627946,0
384,36047044500,32100.23514,15,21,19,,65.4282558,62.6905662,1184.78073,4361,-0.0182,-2.01751388,-0.018847401,-0.000691538,-1
385,36047044600,5350.484378,-3,-4,-6,,54.3705587,23.1013524,2930.72011,3813,0.0104,-1.430839,-0.014063612,0.000783639,1
386,36047044700,30715.12324,5,36,25,,76.9039305,55.66068,618.52566,122,-0.0278,-0.81014604,-0.041071174,-0.000470594,-4
387,36047044800,6088.250898,-7,-18,-10,,70.9408551,21.3694972,-1278.00816,3667,-0.0184,-0.43912449,-0.01204015,-0.009989485,0
388,36047044900,234455.3809,2,-37,-27,53,149.2887069,78.3475259,3.666971,-5081,0.0149,0.51764706,-0.009531544,0.0007763,-7
389,36047045000,6297.192211,1,2,-6,,54.5253854,39.9178215,183.044222,16279,-0.0234,4.05442177,0.004661487,0,1
390,36047045200,5183.53702,0,10,8,,71.2183819,14.10218,2794.09861,6475,-0.0181,0.04864865,-0.007110957,-0.000514955,0
391,36047045300,61764.62928,11,13,25,,83.6892951,85.37228,607.48309,7096,0.0143,-0.06994819,-0.013981662,-0.002510104,2
392,36047045400,3680.598412,-2,-17,-8,,65.5576403,17.6769088,-1174.4554,-4990,0.0246,1.56629834,0.011739851,-0.007534984,-1
393,36047045600,6195.87872,3,7,-3,,65.6985647,26.0578298,-707.953,1401,-0.0028,1.70567787,0.017316888,-0.002618826,-3
394,36047045800,7245.846629,-6,-11,-8,,31.9642621,23.6777444,1530.45533,7875,0.0101,-1.41503268,-0.023872786,0,0
395,36047046000,18423.59221,-4,-14,-13,,88.7711155,15.7993177,-3989.31541,-37,-0.0095,1.07016191,-0.020969678,0.009421265,0
396,36047046201,12056.63848,2,-32,-20,,46.9300643,27.9778235,423.88153,-3541,0.0061,1.21412301,0.01549726,0,4
397,36047046202,4967.048262,-2,0,1,,57.5213622,45.5196892,1608.58247,-5905,0.0549,-0.74234694,0.008347692,0.002476456,0
398,36047046400,6401.043534,3,4,6,,83.1794404,46.7240013,949.69761,8879,-0.0107,-4.88295165,-0.000764754,0.004411765,2
399,36047046800,10848.00641,-6,2,-5,,74.7722195,65.5262041,-650.7359,7937,-0.0077,1.01666667,-0.010621347,0,0
400,36047047000,6882.97053,0,10,3,,95.7680538,65.2442179,-2706.62072,1915,0.0055,2.48404993,-0.010994039,-0.005322562,0
401,36047047200,6541.832932,-2,3,-1,,111.3241875,46.5383505,-389.69213,3104,-0.0133,-1.11842105,0.006257804,0.002471751,0
402,36047047400,6658.117124,0,-7,-8,,93.5414188,53.127201,-2650.78112,474,0.0243,0.00232829,0.004769783,0.000723725,0
403,36047047600,7843.210348,3,1,0,,55.9061964,58.7949015,-5138.0431,-10645,0.0313,0.76595745,0.007468957,-0.011782919,0
404,36047047700,24167.31109,0,-6,-8,,139.29662,72.9158363,-1370.03599,664,0.0268,1.0872093,0.006195251,0.000602221,-2
405,36047047800,8375.2186,12,2,4,,59.5458237,62.6793602,2002.02611,1436,0.0229,1.23205902,-0.008126822,-0.000130701,1
406,36047048000,14478.25963,11,2,-2,,51.7092904,59.8520408,7194.08132,-155,0.0064,-2.90687978,-0.008217394,5.36E-05,-3
407,36047048100,16607.94154,-7,11,1,,106.2889339,82.63956,-1951.46175,1082,0.0336,0.30521092,-0.044613699,0,0
408,36047048200,18393.41492,5,17,9,,41.2501015,49.4795713,-4921.98865,4278,-0.0045,0.40472745,-0.018355054,-0.004216641,-8
409,36047048400,12681.54259,-9,9,-4,,27.2814752,67.2321079,-792.36264,-5298,0.0274,1.75732218,0.003818867,0.000193249,2
410,36047048500,76837.26685,24,-4,-22,,65.3437973,72.9713331,-802.47718,9997,0.021,-0.60529046,-0.005361125,-0.001977587,0
411,36047048600,10634.93882,1,-25,-16,,53.8655952,62.2283554,-811.95981,556,-0.014,0.19218989,-0.006186167,0,1
412,36047048800,8688.829987,10,-13,-10,,43.1391091,58.4176006,2746.65722,266,-0.008,-2.61846154,-0.024383543,0,1
413,36047048900,12116.44643,-4,-13,-10,,0,43.4678114,-2092.0629,-989,0.0095,0.82681564,0.010236788,0,0
414,36047049000,11685.05617,-1,-33,-29,,32.3038808,56.5291514,1236.15971,16677,-0.0663,2.20909416,-0.024753469,0,-4
415,36047049100,23399.02751,-18,61,45,,58.3640814,57.1061779,5370.42374,-323,0.0068,1.16660209,0.037954816,0.003484406,0
416,36047049200,10022.95332,-2,-26,-17,,80.7590989,53.1347223,-5388.92396,128,0.0808,4.33020638,0.015189201,0,-7
417,36047049300,30156.0078,20,-48,-51,,75.3352345,71.3734918,3248.73656,657,0.0223,0.19025656,0.00751137,-0.00145174,3
418,36047049400,11098.27634,-9,9,3,,48.3499794,71.2331319,4244.10347,5603,-0.0207,-0.70447284,-0.001453914,2.60E-06,3
419,36047049500,14171.14377,9,6,-1,,130.2519866,51.6255308,3952.09287,13222,-0.0117,-0.22843823,0.023475222,0.002640371,4
420,36047049600,12304.27027,-2,-17,-22,,54.085247,57.4086904,3279.40736,7176,-0.0315,-1.20844327,-0.010720198,-0.001369424,-3
421,36047049700,18114.15127,-3,-37,-31,,135.0315529,69.6816692,971.84421,-7590,-0.0116,0.57167731,-0.003432086,0,5
422,36047049800,12387.57414,-9,0,-21,,64.9251881,66.2040152,-291.51367,3631,-0.0107,1.60893855,-0.010755316,-0.000693665,3
423,36047049900,20241.47008,6,-15,-18,,137.6293827,76.3892573,697.83047,1011,0.0084,1.09206928,-0.018723629,0.002207978,-2
424,36047050000,16806.27662,1,-3,-4,,88.432031,81.862718,130.46945,-2023,0.0166,-1.50674764,-0.00523087,0.002383777,1
425,36047050100,19733.96969,-2,-6,6,,178.3101383,131.8580003,638.93853,5300,-0.0077,-0.06976744,0.001150751,0,12
426,36047050202,11126.80901,-4,9,7,,117.6392811,60.2039708,-1849.25351,22203,-0.0594,-2.14345992,-0.002267288,0,0
427,36047050300,13755.28868,-1,-33,-30,,133.7680322,67.5595612,-475.3863,9741,-0.0463,3.94224924,-0.017174871,-0.006244796,-2
428,36047050400,19243.53807,-9,-31,-34,73,355.889584,78.1958628,-3442.27969,-3836,0.0043,-2.25182953,-0.003264883,0.002639579,-3
429,36047050500,18595.85458,2,-45,-29,,44.4006006,75.690712,1635.82771,677,0.0131,-2.73506891,-0.00431676,0,-2
430,36047050600,15473.84895,5,-13,-22,,88.5768541,106.8167728,-1950.13158,-590,0.0272,-0.31451613,-0.006167715,0.004707284,-5
431,36047050700,27458.04072,-3,-38,-32,,28.5776923,49.8761844,1572.071,1219,-0.0342,1.04251386,0.023447915,-0.000127051,2
432,36047050801,7351.90655,-9,28,9,,59.0865496,98.5323547,9666.1237,5038,-0.021,-3.79308539,-0.071609731,-0.000301374,5
433,36047050803,5270.38662,10,34,10,,69.5104168,144.0395593,10482.6017,2656,0.0289,-0.4646905,-0.039888735,0.00011101,-4
434,36047050804,9686.40154,-15,-3,4,,100.0116224,160.0445766,9093.6,-175,0.0305,1.68071313,-0.01950962,0,-2
435,36047050900,6319.809628,5,7,3,,54.8550415,2.2435251,7014.29008,-1112,-0.091,-2.58564815,-0.004938448,-0.000210172,0
436,36047051001,7229.933264,7,-16,-18,,42.3416755,74.4566937,7540.2092,5564,0.0048,4.71300448,0.003017762,0,1
437,36047051002,10060.65497,-1,2,1,,110.3805637,77.6992247,-4523.5195,4502,0.0469,0.31212382,-0.018076626,0.001515988,4
438,36047051100,17454.6969,1,-17,-9,,79.8213598,79.2747978,1498.57141,2906,0.0025,0.94274029,0.027689785,-0.000570333,1
439,36047051200,13144.20974,0,-12,-11,,98.1338421,77.5887289,-6369.3182,3519,0.0109,-1.04431599,0.007037665,0,2
440,36047051300,97385.40154,3,19,0,,121.9865843,58.1377998,2976.22872,901,0.0356,-1.8041981,-0.020346831,0,4
441,36047051400,17015.82401,4,-19,-12,,75.2492245,83.9577314,6522.0644,-232,0.013,-0.82583049,-0.016111353,-0.000306889,4
442,36047051500,79565.39918,2,-26,-9,,103.4600909,65.4995534,3594.108,16304,-0.1007,2.01699717,-0.015656636,0,-1
443,36047051601,10904.17051,2,7,3,,74.7085686,49.5137765,7744.784,7979,-0.0208,-0.82768477,-0.028594288,0.001635769,-5
444,36047051602,8552.204681,-8,13,11,,50.3363291,74.1028246,12606.4571,10508,-0.0065,-0.41370869,0.012002936,-7.72E-07,-10
445,36047051700,80127.22357,0,-40,-41,33,51.6034755,77.4015181,1506.71806,-7626,0.0105,0.09725017,-0.009816663,-0.000825828,-2
446,36047051800,18918.48331,-4,-24,-30,,64.8767804,79.8613194,-3241.79149,-9258,0.0277,1.17380353,-0.029418025,-0.008954362,-3
447,36047051900,117019.7222,7,3,-16,,72.1002315,51.0079885,4666.35052,5087,-0.0065,-1.89666137,0.003177769,0.003443133,2
448,36047052000,17907.50602,6,-25,-25,,115.9340072,68.2882931,951.34564,8802,-0.016,-0.30357143,0.008036281,-0.010582407,-3
449,36047052300,54613.53438,3,-14,-28,,73.7344838,40.4817381,-2406.0004,-751,0.0145,-0.00946487,0.00227243,0,-9
450,36047052500,46886.44334,20,-35,-21,82,50.4424693,45.9032361,1115.36203,6090,0.0171,0.76569038,0.006093844,-9.28E-05,0
451,36047052600,15911.1781,10,5,0,,107.9931706,68.7219786,-3456.7806,-513,0.0239,1.08139535,-0.004353064,0.00185244,7
452,36047052700,71645.06341,-1,15,-7,,63.5254435,38.5385837,-2473.02325,6946,-0.027,1.09947644,-0.02267473,-0.005613716,0
453,36047052800,16497.71759,-7,-5,-2,,97.6667117,30.192842,781.73753,8182,0.0106,1.0864799,-0.016743626,0,0
454,36047052900,7795.778609,6,4,11,,55.6134355,9.3831979,3080.28487,-469,0.0272,-1.23548651,-0.010575055,0,0
455,36047053000,7001.438434,-2,-8,3,,49.1574867,25.6925382,2362.06483,3686,-0.0158,-1.77009085,-0.015437075,-0.001331963,-2
456,36047053100,25403.63045,9,4,2,,47.7176589,24.089157,464.9013,487,-0.0082,-0.11828464,-0.003487648,0.002288984,0
457,36047053200,7034.147205,8,6,3,,48.5136264,11.8151921,2124.81541,12688,-0.009,0.4487666,0.032424071,0,0
458,36047053300,8636.572477,5,-7,-7,,5.9722193,-3.9267552,-1122.61784,865,-0.0015,1.42367601,0.002065386,-0.00019003,1
459,36047053400,6990.797471,-1,-2,-3,,52.1427811,14.6263077,-224.07144,-5171,0.0129,-0.11020408,0.045789413,1.61E-05,2
460,36047053500,5781.664922,-1,-4,-7,,28.2670466,-0.407298,-5211.88786,1242,-0.0349,0.07906559,-0.010948659,0,0
461,36047053700,7463.597065,0,-4,-5,,9.125153,27.7712751,2273.52875,2204,-0.0051,-0.79407979,0.02630948,0.002985342,0
462,36047053800,6630.724585,-2,5,5,,25.4230244,1.6540564,1196.94752,3989,-0.0075,0.21424469,0.014850793,0,0
463,36047053900,4516.803226,1,1,2,,6.7073321,-7.6802385,-1481.7658,201,0.0038,1.64900662,-0.009364691,0,0
464,36047054200,7627.411519,-2,26,15,,42.4865461,31.6630203,-2423.38163,7842,0.0116,0.23512586,-0.02328828,0.002262426,-4
465,36047054300,34559.70989,0,40,17,,0,82.1729429,-76.3381876,26750,-0.0017,-3.33649289,-0.008820212,0,0
466,36047054400,7661.065178,-6,7,9,,48.2975501,11.2863184,2058.31104,880,0.0098,1.60492846,0.016930122,0,0
467,36047054500,7475.465711,3,-22,-13,,0,4.917616,13941.0862,1491,0.0041,-0.41823056,-0.009427213,0,0
468,36047054600,7283.006053,-16,-8,2,,25.8842262,25.6587013,-401.40286,5757,-0.0277,-2.73381295,0.008966868,0,1
469,36047054700,63113.261,5,12,10,216,74.5045663,43.9221316,1553.0458,1647,0.0074,-0.14513639,-0.038366224,-0.006133396,-1
470,36047054800,6245.871275,-5,-9,-5,,39.953379,23.5517333,-373.80208,1855,-0.0074,2.79667519,-0.008363068,0,-1
471,36047054900,72711.24573,11,8,4,75,97.5143161,45.9331779,1685.79409,22582,-0.0312,1.30010384,0.004133908,0,-6
472,36047055000,6484.596468,-2,3,7,,59.5952115,25.4751679,-1526.79701,13030,-0.026,7.54692775,-0.005939968,0.000145188,0
473,36047055100,86855.87487,7,-3,5,,101.9936077,53.7240729,-3109.06659,8988,-0.0051,1.84896382,0.018673984,0,-1
474,36047055200,6045.837487,8,-27,-3,,50.3115818,15.0263555,-1251.19339,-1698,0.0318,-0.79764533,-0.001886792,-0.008274984,7
475,36047055300,66830.04557,3,2,4,88,65.5161407,54.7325458,-928.1317,15897,0.0161,-1.86208886,-0.022212081,-0.001004235,4
476,36047055400,7502.663367,-1,-5,-4,,61.5418156,15.3751898,841.39805,-367,0.0153,2.19091967,0.004378112,-0.000500709,7
477,36047055500,111025.6631,9,-15,-14,761,87.0478179,46.6313263,3761.08189,17013,0.0108,0.52238388,-0.003820212,0.001020302,-4
478,36047055600,8561.836199,3,-1,-1,,33.2827676,25.9834107,898.19248,6184,0.0076,4.46975089,-0.021702326,0.002787068,0
479,36047055700,120078.5172,-2,-26,-22,,78.2720506,59.9813809,1576.94902,-4930,-0.0154,1.55075188,-0.008945471,-0.00129157,-4
480,36047055800,6188.394276,-3,3,-1,,64.27613,20.7147639,1735.46188,-8038,0.0182,-3.49886621,0.001495956,0,0
481,36047056000,6661.686549,3,14,6,,83.9410313,31.7213561,-56.07783,10662,-0.0392,-3.06340819,-0.047343817,0,0
482,36047056100,51612.02025,0,11,28,,105.8028395,62.9083685,1190.56405,-1929,0.0108,-0.78961039,-0.010257042,0,9
483,36047056200,6159.094048,0,-10,-8,,56.372593,6.969697,970.40954,-1625,0.0073,1.88793103,0.025744702,-0.000822642,0
484,36047056300,52621.10073,4,6,10,93,98.4973356,28.8609252,1707.82333,-281,-0.028,-0.7229978,0.007654474,0,5
485,36047056400,6606.456368,2,-21,-17,,25.7482627,22.558607,296.84889,13918,0.0158,-1.07819687,-0.006450725,0,-3
486,36047056500,34006.93051,5,12,5,,117.9919496,34.6374781,483.88316,12237,-0.0269,-0.54054054,-0.016983917,0,1
487,36047056600,6184.902581,0,8,2,,70.0754137,25.0241976,-2702.78164,-1007,-0.0207,0.69767442,-0.010772117,-0.007582995,0
488,36047056800,4248.111908,4,-1,-2,,58.3290614,19.5087812,-329.75307,1667,-0.0108,-2.16690042,0.007364508,0.002551882,0
489,36047056900,18363.00655,10,-11,-14,,82.7848561,57.050581,1480.22489,10264,0.0099,1.20600858,0.003550636,-0.001006429,-5
490,36047057000,6421.166408,-7,13,13,,85.7137973,51.1018767,1451.09463,4169,0.0002,0.46341463,0.000819354,0,1
491,36047057100,25239.26387,11,10,-3,,105.7837068,60.1295594,868.88583,-1284,0.0125,0.82002647,-0.010297804,0,5
492,36047057200,5962.32901,6,12,7,,0,28.8196222,3997.212,315,0.0058,0.40026864,-0.02990074,0,1
493,36047057300,24413.99176,-1,-21,-12,,87.653194,65.1306823,167.47175,5997,0.0064,0.46143155,-0.007381981,0,-9
494,36047057400,5740.319904,-1,-4,-2,,76.7580183,43.617801,390.44581,7643,-0.0214,0.41857242,0.007217823,-0.009801955,0
495,36047057500,26875.60956,-1,-35,-21,98,100.1337433,37.4972806,-3125.61921,-5283,0.0133,1.53833193,-0.027312285,0.009561753,-5
496,36047057600,5718.868637,-5,4,-1,,37.8976944,34.1912349,-1159.41809,-1718,-0.0111,0.35740072,-0.028331467,-0.000277995,-2
497,36047057800,6210.195667,-10,-13,-10,,44.936405,19.1184709,1082.71277,3009,-0.0135,0.8250774,0.000568919,0.000605877,2
498,36047057900,104465.8203,5,17,21,50,80.3455668,39.2614784,211.229404,4333,0.0194,3.50584795,0.000880995,0,3
499,36047058000,5720.186427,-5,11,9,,39.4496798,16.3331981,-2301.97624,-3785,0.0122,-1.63254593,-0.017968813,-0.001313788,8
500,36047058200,7158.534574,0,-19,-17,,39.1057908,28.4969006,-3206.73965,-3158,-0.0125,-3.66831683,0.001029971,-0.002397263,1
501,36047058400,8341.327914,-7,6,-1,,72.3579459,22.8932078,-3178.57421,-2632,-0.0057,2.31716907,0.013187887,-0.000848405,-1
502,36047058600,4000.435793,-3,12,2,,58.183012,45.1778111,1362.78086,3984,0.0066,-1.81729055,-0.010121985,0,-2
503,36047058800,7072.61414,8,-11,-5,,70.6917889,25.8241976,3148.0587,6474,0.0063,0.23790323,-0.005645359,0,1
504,36047058900,61581.50181,-2,3,-2,,103.4854185,64.8146223,201.80356,-1109,0.01,-0.2173913,-0.004523244,0,1
505,36047059000,3880.245567,1,23,16,,61.3618127,17.4034288,-49.02312,5312,-0.0089,3.24526066,-0.017546526,0.003747323,-2
506,36047059100,27357.82095,6,20,15,,116.3875572,67.6716685,801.24796,11690,0.0019,0.67924528,-0.006798931,0.002347418,0
507,36047059200,5367.113934,1,7,0,,65.1765049,23.139144,-2326.5586,-5679,-0.0088,0.1504329,-0.006789444,0.000177625,3
508,36047059300,26991.34122,1,-12,-11,,106.3622695,54.7897595,481.90672,-7001,0.0176,-0.61395349,0.00667631,0.002385596,-2
509,36047059401,10293.8087,4,8,1,,65.9545675,22.4422696,1865.74701,8940,-0.0244,1.69570478,0.01019823,-0.000528883,14
510,36047059402,7892.018607,1,2,-7,,76.2567857,20.6065184,3116.27189,1497,-0.0152,0.84389048,0.000198532,-0.001140581,0
511,36047059600,4235.870904,16,24,25,,62.8121079,18.1482852,1122.28591,-1144,0.022,3.99194991,-0.019906826,0,-3
512,36047059800,4875.418485,1,9,6,,75.0109,30.1930455,988.06654,7090,-0.0099,4.52022059,-0.00189726,0,-4
513,36047060000,10766.10596,2,25,15,,48.0151705,42.606722,2254.89463,1514,-0.0462,2.17380026,-0.012956287,0.000207002,3
514,36047060600,4371.387054,-4,2,19,,47.9742763,8.6711044,1834.67312,13693,-0.0528,-4.28403968,0.028861918,0.003895598,1
515,36047060800,9887.578159,11,-14,-11,,43.4827227,40.1632852,194.43355,-8903,0.0165,1.25694444,0.016596007,-0.000755214,-6
516,36047061002,7824.317501,3,10,11,,63.0688314,33.1675027,-806.50653,-4896,-0.0063,3.77777778,-0.023950989,0,-1
517,36047061003,2755.428587,-4,-2,3,,47.0895551,20.1888086,3319.20136,-2923,-0.0378,1.06294707,-0.019742265,0,3
518,36047061004,7755.94657,15,3,5,,31.2157374,24.914598,-1359.88342,-398,-0.0069,1.31556196,-0.006893356,0,-2
519,36047061200,4860.936178,-5,8,7,,97.1972443,47.389291,65.32865,2761,-0.0363,1.17444717,0.009012573,0,0
520,36047061600,17889.03853,0,11,5,,102.5303372,30.1973874,38.618667,-32333,-0.006,-3.36026201,0.039858418,0.000596348,0
521,36047062000,7853.207351,-1,-6,-4,,105.2069752,31.9543691,288.6273,12087,0.0291,0.27701674,0.014848066,0.009115169,0
522,36047062200,6130.369989,6,-6,-6,,52.2168027,23.5429987,-851.79164,9991,-0.0248,-0.28536386,0.011370826,0,-3
523,36047062600,7786.440818,-3,-12,-5,,80.7946329,21.4871866,2303.72914,-5716,-0.0178,5.68120457,0.006368857,0.00239472,0
524,36047062800,18815.10105,-4,-17,-18,,83.8456643,17.5296126,-646.99339,1005,-0.0109,-0.26434619,0.00848799,0.004534213,8
525,36047063200,2873.992639,-1,1,5,,90.6615445,27.6022618,4146.16922,15278,-0.0438,0.67164179,0.045250107,0,0
526,36047063600,2023.740101,0,-1,0,,73.0678084,11.7139133,1880.37912,849,-0.0102,1.22807018,0.013373406,0,-2
527,36047063800,5018.767795,5,-2,0,,44.7265625,27.6884616,-93.02813,12262,-0.0107,1.97388633,0.012806638,-0.007383464,0
528,36047064000,2715.654281,-3,0,2,,32.675994,18.5182204,-3950.79894,15524,-0.0454,0.1659808,-0.137074384,0,0
529,36047064200,8475.889341,-5,5,0,,26.3946922,19.5440453,-815.32305,950,0.0051,0.29764454,0.010759024,0,1
530,36047064400,3528.86125,6,3,-6,,44.2404453,15.4293307,1195.38,3854,-0.0003,-2.35288967,-0.024504713,-0.004011831,1
531,36047064600,2932.35151,1,-12,-8,,27.599374,13.5889527,-1892.02871,4921,-0.0037,-0.46733112,-0.019846319,0,0
532,36047064800,2682.466765,-4,3,0,,7.081331,-5.1070014,3281.88253,8750,-0.0334,-2.73529412,-0.042823009,0,0
533,36047065000,6643.450639,-3,-20,-11,,22.1542867,32.8812802,202.55104,2261,0.0417,2.74023769,0.06698341,0.012734082,0
534,36047065200,3102.118611,6,-7,-7,,38.4504212,26.3125207,-1719.61634,-9118,0.0293,1.69117647,-0.008986111,0,2
535,36047065400,2682.386532,-5,6,-7,,32.1717469,25.9661836,-17.09566,5650,0.0718,-2.0747889,-0.010234275,0.005081427,2
536,36047065600,2718.722005,1,0,-1,,31.0197666,15.0118771,101.18206,-423,-0.044,1.25,-0.010281935,-0.003952569,-1
537,36047065800,2714.845211,4,17,8,,69.6334135,11.387663,-253.3152,-3050,-0.01,-0.91919192,-0.006224418,0.000569117,3
538,36047066000,2696.361938,1,-5,-1,,84.9240805,34.7736626,2448.61683,10227,0.0008,-3.13326338,-0.00188121,-0.001102941,0
539,36047066200,4097.489199,-4,-16,-14,,73.5111601,23.2486596,-469.96324,-4877,0.0124,-1.20053121,0.023566338,0.001249923,-1
540,36047066600,2190.182964,-1,11,9,,0,32.9552726,0,0,0,0,0,0,0
541,36047067000,3687.009794,-3,-18,-25,,71.5480388,14.6785833,1691.29279,15393,-0.0174,1.86715867,-0.01917651,0,-2
542,36047067200,6963.46076,8,1,5,,6.50628,23.4908632,74.31973,4519,0.0421,-2.31179775,-0.013498377,0,0
543,36047067400,7561.964836,0,-6,-7,,18.2511433,23.7189243,1396.22667,-10312,0.0427,5.79247202,-0.011470647,-0.006496145,-1
544,36047067600,6209.786178,4,-8,-5,,6.21892,31.166468,1250.20496,6900,-0.0083,-1.84546361,0.003042603,-0.003662854,-1
545,36047067800,6643.27039,-12,-12,-9,,8.2860631,31.3620071,1324.42395,3387,0.0127,-0.48484848,-0.041011157,0.002615516,0
546,36047068000,6748.716592,-4,4,-6,,12.486633,21.2175332,-659.53548,1563,-0.0025,-0.55164319,0.004314994,0.00728178,-1
547,36047068200,8082.213613,7,-7,-2,,45.778058,24.241508,794.04418,13757,-0.0175,0.09565765,0.005812501,-0.002636783,2
548,36047068600,2620.364083,-5,31,21,,63.1839642,37.0102188,1207.44295,-106,0.018,-2.3537415,-0.025615204,-0.000272553,0
549,36047068800,6265.576297,3,-2,-3,,71.8169381,19.4861476,-3746.85913,6375,0.0523,-1.93975904,-0.017541581,0,6
550,36047069000,6910.725606,1,-7,-4,,30.5039334,20.190667,1497.85552,476,-0.0392,6.06282183,-0.006828393,0,0
551,36047069200,7267.528278,-6,-3,-5,,31.8796002,27.2963853,568.55467,16576,-0.0306,1.04166667,-0.023245707,0,1
552,36047069601,7503.103275,25,-24,-15,,31.4577321,17.4758272,-408.11656,2715,-0.0025,2.48793408,0.007509091,-0.001656445,7
553,36047069602,12910.60298,-2,-9,-9,,56.199564,36.3904899,-1313.50057,-3013,0.0155,3.38752628,-0.022328757,0,-2
554,36047069800,8832.417809,-22,51,38,,90.2663719,46.691609,-150.144411,3819,-0.0397,1.41556728,-0.007958664,-0.001258558,-2
555,36047070000,3574.06818,1,-2,-7,,76.328601,39.3047512,-525.97362,-10870,0.0186,0.38861386,-0.035827557,0,2
556,36047070201,18134.90704,0,1,-4,,63.1523197,34.040914,602.84428,13095,-0.011,1.99820853,-0.02070893,-0.004401667,1
557,36047070202,2800.175258,3,17,10,,0,3.9093992,2.16E-07,0,0,0,0,0,0
558,36047070600,24771.92359,0,-1,6,,79.4426229,36.6214339,-251.049816,3322,-0.0222,1.86158475,-0.008421652,0,0
559,36047072000,6322.019472,7,-21,-19,,31.6512609,29.3174437,3486.70782,1659,0.0269,-0.56097561,0.003450788,0.000787964,2
560,36047072200,10278.539,0,29,1,,17.0346506,5.5665758,322.26014,4019,0.0015,-3.16815597,-0.006043263,0,-2
561,36047072400,7681.25271,2,-17,-19,,8.3397718,2.7370257,-175.18922,429,-0.0117,-2.22046414,-0.043924705,0.001025971,2
562,36047072600,10997.42258,3,-17,-25,,10.1659659,30.4911012,461.20973,-937,-0.0119,7.3891258,0.019543955,0,-4
563,36047072800,8474.805968,-3,-15,-16,,28.2267657,23.8357307,696.19825,-5621,-0.0188,0.83123028,0.039153365,-0.000521639,1
564,36047073000,7383.297047,5,0,-5,,10.054175,41.7080191,-560.79639,-4243,-0.0081,2.25583405,-0.009574136,0.007872946,-1
565,36047073200,6394.568023,6,-23,-34,,8.7455674,55.8863205,-3642.19366,-438,-0.0166,0.1366843,-0.026629571,0.000573261,1
566,36047073400,6039.148461,10,7,-1,,16.9999546,32.9220543,-2399.64125,-625,0.0021,0.48058252,-0.002296588,0,0
567,36047073600,7127.325052,4,13,8,,19.4592122,34.3933655,203.32409,302,0.0055,0.05501222,-0.013409702,0.007473014,3
568,36047073800,7216.779086,3,-2,1,,14.5277259,35.6548968,-1061.40181,-2143,-0.0084,2.8776455,-0.012853411,0.002314815,5
569,36047074000,6490.049271,-2,-28,-19,,12.6811209,31.2283479,-1786.33219,-1524,0.0163,1.129683,-0.005699481,0,2
570,36047074200,6967.501775,1,10,7,,50.3909309,44.0482441,-1470.84759,1918,0.011,-1.13085399,0.008495271,0.002888504,2
571,36047074400,6836.177784,0,-17,-12,,53.5477969,46.6938867,3755.16827,1486,0.0196,-0.92080253,-0.004193175,0.002104043,0
572,36047074600,8035.468607,2,5,4,,26.1982248,20.3666644,1094.87003,2998,0.0149,0.5774156,0.020281036,0,2
573,36047074800,7118.527233,0,-8,-1,,55.2834492,36.1516561,-630.81052,10583,-0.0118,3.36363636,-0.006753192,0,1
574,36047075000,6992.589583,-5,-3,-4,,53.3647444,55.9953951,-911.02205,-43,-0.0209,2.71210677,0.026479687,0.002997603,0
575,36047075200,6983.764799,3,-14,-6,,19.5476943,46.4639056,-1420.65579,14321,0.0208,4.64373464,-0.027475339,-0.005964215,0
576,36047075400,6993.892972,0,3,3,,52.7983365,50.963932,-59.7226,31496,-0.0542,0.78571429,-6.47E-06,0,-1
577,36047075600,6997.36292,-8,3,7,,25.4981241,14.0861986,2268.43907,20091,0.0246,4.14763552,-0.005199082,-0.001289541,0
578,36047075800,8276.097762,0,2,2,,19.9367748,34.2606874,-958.984,274,0.0119,2.57959815,0.025645317,-0.003586743,-1
579,36047076000,7321.484777,5,4,-5,,65.1600347,32.0307834,-813.01554,1591,-0.0284,-0.08686211,-0.011538442,-0.000257727,-2
580,36047076200,7582.962303,8,4,-5,,67.689609,33.073412,-2121.09511,-2417,-0.011,4.16932753,-0.007963542,0.000166493,1
581,36047076400,15184.00015,1,-3,-6,,102.4048945,67.0975275,-3942.97349,7272,-0.0153,-0.9568869,-0.046738405,0,1
582,36047076600,7759.640106,-2,-6,-8,,89.1659561,12.4260643,-2320.95066,-273,-0.0083,2.20947631,-0.004277605,0,0
583,36047076800,12231.63933,-3,-8,1,,59.0933513,-1.1329051,-85.37414,-2358,0.0173,-0.19624707,0.010899296,0,7
584,36047077000,15343.31993,-7,-5,0,,57.6516961,51.601077,-301.37296,-6121,0.0357,3.49038462,-0.015816704,0.003352691,0
585,36047077200,37993.59167,-12,-25,-13,,41.6078666,25.8775627,1831.99763,-599,-0.0094,1.53328895,-0.005904344,0,2
586,36047077400,13884.17636,-13,-22,-6,,31.1169387,42.5661909,333.02587,7897,-0.0509,-1.51327434,-0.000442118,0.01050105,3
587,36047077600,7455.881121,11,-32,23,440,11.6658186,33.8859612,-2624.08767,-5529,0.0078,2.34697048,0.006839262,-0.002780586,0
588,36047078000,7600.140527,-2,4,-2,,32.1419726,9.8225415,-1149.11631,2860,-0.0104,2.19201995,-0.006573864,0,-1
589,36047078200,7774.526979,-5,-12,3,,14.7428518,140.8278261,6694.10508,4643,-0.024,0.83371195,0.001518476,0,0
590,36047078400,7734.442183,0,-17,-16,,23.8374692,45.6267719,-2243.06166,-14176,0.0595,2.31854839,0.000449317,-0.001419758,1
591,36047078600,16075.36283,24,53,27,,27.6919771,66.9603216,1529.09822,2632,0.0239,-0.46360528,0.005503488,-0.005729168,-8
592,36047078800,14762.95074,-10,-11,-6,,48.3320259,62.4263975,-2027.6859,-6887,-0.004,3.54486661,-0.024249535,-0.001514257,1
593,36047079000,15548.20389,-3,-39,-18,,32.3136343,73.4051485,-1896.62447,-6057,-0.0119,0.86766076,-0.016159845,-0.000437009,-6
594,36047079200,18407.11422,9,35,25,,37.0884968,67.9304226,2318.7782,-313,-0.004,0.51446945,-0.009874918,0,11
595,36047079400,18873.64956,17,18,8,,34.4985163,69.1124877,-699.42553,-8990,0.0522,-0.09090909,-0.076590282,0,2
596,36047079601,11849.70873,-12,-40,-33,,84.6242689,152.8795025,-2486.8303,6839,0.0102,0.51614221,-0.006214356,0,-3
597,36047079602,14489.3884,-7,-3,0,,69.3587022,58.4546415,4374.40167,1773,-0.0157,-0.31159781,0.007879752,0,0
598,36047079801,13919.18241,-6,5,10,,141.5748513,96.4019635,6031.58414,10022,-0.0283,-6.40358467,-0.04688204,0,4
599,36047079802,11417.1797,-17,-9,-43,254,103.1021225,91.8979102,-3530.5494,7475,0.0167,-1.643026,-0.044514178,-0.005119614,-4
600,36047080000,18641.85122,8,11,4,87,101.7853254,119.6208282,-1595.63715,12148,-0.0254,1.41047297,-0.033342227,0.003082662,0
601,36047080200,19883.22256,3,-13,-8,,80.2245369,130.0926522,1048.61741,3423,-0.019,0.32810399,-0.015047022,0.002540209,-5
602,36047080400,20367.59401,-3,-5,-9,,23.8534337,144.3887695,-1487.74126,958,-0.0324,-0.17839375,-0.045887438,-0.024560281,-4
603,36047080600,17849.68509,-4,30,33,,43.6588814,162.5370441,-1806.6153,342,0.0097,-1.02922078,-0.009410453,-0.00035946,-1
604,36047080800,34543.66657,1,-35,-22,,0,144.2829934,523.08694,-89,0.096,7.65060241,-0.06372549,0,0
605,36047081000,17432.83062,0,39,24,,36.0681703,149.5059637,653.80992,2531,-0.0355,-0.63995726,-0.030635554,0.010772801,2
606,36047081400,7861.362408,4,-19,-4,,24.6807196,148.7050332,1689.37818,-7710,0.0252,-0.62562396,-0.024698372,0,-5
607,36047081600,8299.102944,4,26,19,,10.8509817,137.4465518,-3243.9738,-4054,0.0166,-2.25116713,0.002116941,0,-3
608,36047081800,13414.04367,5,-17,-8,,41.9637448,130.8139489,2296.12578,2424,0.0216,-3.39121339,-0.02356086,-0.00448069,-3
609,36047082000,15949.75133,4,-10,-4,,54.5577315,76.2505403,749.46386,449,0.0408,-2.25775656,-0.001691915,-0.000440218,-1
610,36047082200,18231.98545,-5,15,-1,,58.7902234,101.0919511,-1966.9216,2121,-0.0114,2.10015408,-0.024511431,0.000715739,-1
611,36047082400,18207.53614,4,-18,-41,,25.3984114,115.9587149,459.16572,-1277,0.0201,-0.23509174,-0.021123958,-0.001121334,9
612,36047082600,16911.76865,25,-17,-13,,32.6362345,104.0349472,2614.8255,-57,-0.001,0.44342907,-0.027527417,0,-3
613,36047082800,13311.3287,4,-45,-28,,32.011906,89.8749797,8397.66956,2363,0.0117,-0.31986143,-0.006599696,-0.000492692,0
614,36047083000,9322.308567,10,-18,-27,,20.3827555,162.6860529,4774.76233,5008,0.0081,0.02497658,0.006791136,0,3
615,36047083200,6723.28198,8,-14,-8,,27.433749,153.4811548,1263.4148,1625,0.0015,0.50792171,-0.039819531,0.004747971,3
616,36047083400,5820.052061,-1,5,0,,5.5818858,117.1426884,-2672.33639,-982,0.0001,-1.69852941,0.006710254,0,1
617,36047083600,9617.207403,13,-11,-7,,7.6623449,130.806976,1293.76529,9386,-0.03,1.28412256,-0.003184874,0.016553212,-3
618,36047083800,7711.524401,8,-4,-4,,10.1573595,126.6246338,-1054.97592,-13180,0.0573,-3.79620853,-0.013216002,-0.006555864,-1
619,36047084000,7855.526888,-7,2,-4,,21.7063466,136.8363219,3122.16888,203,-0.0073,-0.23831776,-0.02331523,0,-1
620,36047084600,11075.61764,0,-2,-7,,17.6092782,114.1475862,1026.47581,5412,-0.0144,-0.89097744,0.000548377,-0.000886881,-3
621,36047084800,9146.018775,12,14,7,,20.817087,113.6475412,-2222.6503,1888,-0.0239,0.74285714,-0.040441791,0,-1
622,36047085000,6680.098167,4,20,16,,20.860772,125.0806351,-429.83607,-5209,0.022,0.84137931,0.007072549,0,-2
623,36047085200,18569.80794,3,1,-1,,0,126.7267267,4.11E-06,0,0,0,0,0,0
624,36047085400,5947.407992,-5,11,0,,31.8250814,169.0066061,2031.76262,7944,0.0323,1.28944505,-0.037083896,0.007609594,0
625,36047085600,7328.720494,1,-26,-15,,21.0796953,154.5110607,-1893.76867,-2897,0.0009,2.70172202,-0.002835114,0,1
626,36047085800,6165.452091,8,-6,-4,,42.1588958,145.2271432,3376.41814,261,0.0087,-0.35575049,-0.022164189,-0.011606885,0
627,36047086000,8042.64807,3,-2,29,,29.0193006,111.0224334,282.63476,9063,-0.016,0.84882985,-0.001803453,0,3
628,36047086200,9322.179703,6,-11,-7,,34.1729074,115.6702732,-1903.4922,4732,-0.0258,-0.29924242,-0.033771636,0,1
629,36047086400,10130.5639,11,7,4,,28.7761507,85.064116,612.21487,-1256,0.0213,4.59302326,-0.051314334,0.007692329,2
630,36047086600,10411.56924,4,-18,-13,,24.3878494,83.8599573,-3011.56252,-987,0.0073,-1.5224359,-0.000576668,0.004251144,-1
631,36047086800,11612.23438,-1,0,-5,,26.3621165,97.4154784,4420.99321,10171,-0.0214,-0.10265925,-0.013171573,-0.0066313,6
632,36047087000,7193.422071,24,-8,-6,,14.3235808,123.6649111,1629.98941,2188,0.0414,-1.8654485,0.004363704,0,-3
633,36047087200,6800.040966,-6,6,-7,,33.1302754,120.6882564,2287.29174,-1926,-0.0008,1.18151815,-0.025471281,0.000286325,0
634,36047087401,14017.54424,-18,34,17,,30.8522332,193.3147128,3351.61637,-494,0.0638,3.51042535,0.00412994,0,0
635,36047087600,15264.45207,12,16,18,,21.7318834,199.1511373,-3278.16266,-8397,0.0875,-2.44642857,0.016781487,0,2
636,36047087800,16251.67551,-7,-32,-13,,18.7747412,116.1659405,-2702.62582,-3515,0.0183,-2.89828897,-0.000991613,0,-4
637,36047088000,19586.13915,2,37,25,,14.952535,137.6337388,-4712.19048,-1525,-0.0053,1.2819063,-0.020511561,-0.007682159,-4
638,36047088200,13515.29218,4,-22,-29,,17.7557361,113.8895095,1147.25538,1293,0.0347,0.0974391,-0.039213906,0,-6
639,36047088400,11112.80602,-1,-46,-32,,20.3847634,96.7287432,5922.31196,5246,0.0223,-5.9389313,0.033110209,-0.016564628,2
640,36047088600,11954.70512,2,-5,-6,,24.6602,98.813173,14.41224,-7849,0.0209,-2.33351679,0.024456353,0.000459628,4
641,36047088800,13283.6569,17,-5,5,,8.9872362,123.6238117,-1932.41329,2085,0.0296,-2.50681683,-0.008354618,0.000603564,-6
642,36047089000,16524.31715,11,-7,-1,,19.740572,103.4840764,-3961.91412,394,-0.0342,3.58667212,-0.046998497,-0.005819404,4
643,36047089200,12339.34645,21,28,16,,33.7224969,95.5434848,1514.24204,-4822,0.0392,1.23263889,0.019881148,0,-4
644,36047089400,11830.83463,-5,6,9,,10.7012942,135.3378265,646.69301,-1890,0.0262,-4.92857143,0.007445753,0.000835226,2
645,36047089600,10237.69125,10,24,0,,20.5556825,125.5709369,1042.78542,2686,-0.0116,0.8538163,0.01585957,-0.036359093,-6
646,36047089800,10604.1506,-9,-32,-20,,17.9267569,50.0652045,-1694.69946,1012,0.129,0.8239645,-0.005707896,-0.001745704,-1
647,36047090000,16955.35964,21,-14,0,,27.5116852,123.8793786,-787.07081,-2667,0.01,-0.80647025,-0.010000074,0.000815431,5
648,36047090200,13091.22727,14,-27,-7,,8.1852852,115.791061,-7434.52559,-1484,0.0051,4.95381883,-0.036337277,0.001325315,-3
649,36047090600,13453.35611,5,0,-16,,-11.9968701,85.9040574,-3980.89264,-1174,0.0147,-0.13463515,-0.066437687,0.000584173,3
650,36047090800,20365.12447,-40,-12,-2,,-0.4496179,96.2325059,5023.71038,-811,0.0301,0.921875,0.040688489,-0.007316367,-2
651,36047091000,14566.84373,-31,-33,-29,,-27.0333754,45.4102528,-10906.20978,268,0.1998,-0.09952607,-0.038557674,0,0
652,36047091200,11488.96788,-22,-70,-48,,0,151.5949818,4537.6682,1387,-0.0291,-0.14085405,-0.020851056,-0.001636575,-1
653,36047091600,14814.24992,-21,9,-2,,17.7918981,87.3862584,-7062.29589,1505,-0.0169,-0.47131148,-0.020648402,0,0
654,36047091800,14401.31951,-14,-7,-26,,17.9123315,73.102708,-3694.12709,2826,-0.0022,-4.71282051,0.003610007,0.001850393,0
655,36047092000,16158.44918,-26,-28,2,,23.5666104,74.2205755,-1949.01616,7278,-0.0129,2.86952636,-0.005152496,0.001013094,-3
656,36047092200,11025.30483,-1,-13,-11,,27.863444,77.0569182,467.59687,449,0.0144,-4.67587477,0.013479139,0.009848111,1
657,36047092400,17290.63893,-16,-5,-2,,-6.2676324,108.2844,-1090.79443,-766,0.0181,2.15224913,-0.018834493,-0.001464558,9
658,36047092800,10462.81021,1,19,15,,17.9408366,92.5272848,5055.0601,5544,-0.0146,4.14643399,-0.016413523,0,3
659,36047093000,12919.11325,3,-2,-2,,8.9472516,55.3887942,2240.23661,2900,0.0074,-3.72862454,-0.003251445,0.000222183,1
660,36047093200,12921.85909,4,-17,-28,,10.9976188,93.2154458,-740.63389,3063,-0.0294,2.20897833,-0.004924996,0.000953507,-2
661,36047093400,11823.98915,5,-6,-8,,13.527955,93.3211285,-1034.49024,-2707,-0.0096,0.1578137,-0.010017807,0,3
662,36047093600,10983.29671,9,-16,-16,,4.368334,94.3581774,-298.0233,849,0.0205,0.96085409,-0.012428526,0,2
663,36047093800,8720.703311,13,17,9,,21.3950464,112.4271589,2350.84875,4613,-0.0096,3.29028926,0.005043697,-0.010210838,0
664,36047094401,14941.16803,-10,25,13,,16.7287099,6.0259549,-140.13572,5424,-0.0228,-1.23514212,-0.016651276,0,-1
665,36047094402,4270.402762,0,-9,-9,,0,-17.4833636,-242.39764,-6417,0.0414,10.77623991,-0.006128118,0,0
666,36047094600,18739.55766,11,-21,-15,,22.6596147,61.0018976,-1636.15599,-2924,-0.0076,1.27554981,-2.26E-05,0,-3
667,36047095000,9226.159403,-3,-16,-8,,15.060296,10.9254911,170.92582,4618,-0.0295,0.76567448,-0.011062069,0,-1
668,36047095400,9019.926382,6,-21,-37,,23.0837205,21.9202601,-3223.46676,-7110,0.0023,2.84509543,-0.02851037,0,0
669,36047095600,9041.100196,-4,1,0,,29.8194923,10.8597222,992.03219,-2003,-0.0008,-0.75738397,-0.005672535,-8.78E-06,-3
670,36047095800,8919.063376,18,-16,-10,,15.7756043,15.2653678,-221.00873,240,0.009,3.98058252,-0.035132555,0.000559068,0
671,36047096000,16144.2747,-6,-21,-15,,4.2735043,23.4094685,0,0,0,0,0,0,-2
672,36047096200,6802.583286,-9,7,-9,,26.9403558,23.5359686,3288.93684,5548,-0.0001,-2.53770813,0.008291138,0.002939735,0
673,36047096400,6719.792881,2,-7,-8,,13.1469001,19.4129935,-4942.92415,6911,-0.007,2.16651418,-0.042005001,0,-1
674,36047096600,6895.908529,6,-8,-5,,16.5751013,26.5588645,1229.17446,-7153,0.003,1.02671756,0.005572363,0,-1
675,36047096800,5670.897757,15,-12,-1,,0.8454255,35.7689559,556.16359,58,-0.0084,2.5194085,-0.010112028,0,-8
676,36047097000,6220.013151,-3,1,0,,17.8433579,29.6554924,5387.59215,-5454,0.0112,1.7934947,-0.009800084,0,-1
677,36047097400,9602.947883,27,-36,-21,,33.3316841,32.1392039,-1796.10873,3425,0.0038,-0.1025641,0.015675509,0,-5
678,36047098200,13153.33495,4,-8,-14,,0,25.1787826,876.69424,3559,-0.0207,1.1695622,-0.006530241,0,1
679,36047098400,4293.324205,9,13,1,,59.1081607,4.5868761,2479.31154,-3185,-0.0102,-5.31262525,-0.004910344,0.000142854,2
680,36047098600,5935.371659,0,6,6,,59.9587408,8.2112756,-4234.42094,-2530,0.0051,-11.88315042,0.005277635,0,0
681,36047098800,6162.581099,-1,1,9,,46.5213121,4.9214798,2654.8989,6573,0.0013,1.18782098,-0.015018728,-0.000634257,-1
682,36047099000,6230.381617,0,11,0,,9.7407632,32.6083858,3511.93253,13616,-0.0721,1.07097458,-0.023272328,0,0
683,36047099200,5122.262459,1,19,9,,20.8051443,31.8257451,-596.49061,447,-0.0112,2.01546392,-0.032712524,0,0
684,36047099400,6620.360623,1,3,-2,,56.522254,7.3348938,-2754.20316,1446,-0.0067,-3.25520833,-0.003656706,0,0
685,36047099600,7218.642167,2,-5,-12,,44.887355,22.3523369,5543.35313,5069,-0.0104,-3.70117647,-0.025894139,-0.003776481,0
686,36047099800,15930.16464,-13,-12,-12,,38.5424019,7.5730152,-2104.16509,-314,-0.0165,-0.09696609,0.005629831,0.00757394,1
687,36047100400,5025.295009,-1,0,3,,57.8340034,-1.923077,1098.33255,2595,0.0109,2.22398844,-0.012256955,0,3
688,36047100600,5788.721752,2,4,8,,66.2503926,11.6610106,2128.30318,13208,-0.0095,-2.12239221,-0.022534933,0.004448374,-5
689,36047100800,5666.268611,2,12,16,,46.0301716,45.0609671,1635.07003,2348,-0.015,-1.05624404,-0.036700626,0,1
690,36047101000,6520.40993,-3,-6,-8,,34.7214642,19.5723251,3552.21626,-454,0.0561,-3.68394309,0.010614813,0,-2
691,36047101200,6117.649664,-4,-29,-20,,76.3514875,46.6293277,1884.96417,-10385,0.024,3,-0.005231978,0,0
692,36047101400,5896.679541,2,-10,-4,,75.4657599,0,-902.5906,-344,0.0006,0.82296651,-0.012589329,-0.005741542,0
693,36047101600,4278.013932,3,-3,-3,,57.8153015,0,2672.51358,613,-0.0289,3.90153453,-0.01566161,0,0
694,36047101800,9250.969699,4,-14,-14,,65.8877323,17.1124103,450.67133,-2017,0.0353,0.51891892,0.009346504,0,0
695,36047102000,5976.129595,2,-5,0,,71.7235925,-1.7699115,643.20155,11437,0.0228,-2.66494845,-0.007104498,-0.009986047,3
696,36047102200,6197.12005,-6,-15,-9,,71.0377081,22.8005268,-1813.08439,5857,0.0009,-1.28558226,-0.011673995,0,0
697,36047102400,5446.580734,-3,-11,-6,,68.3140397,14.6973515,1682.92707,9632,0.0241,0.78735105,-0.026616253,3.29E-05,3
698,36047102600,5172.356187,-3,3,-2,,56.7575151,65.6108597,-1143.31679,4634,0.0038,2.1550509,0.004585055,0,0
699,36047102800,31930.64353,3,5,-10,,62.8165151,4.1066648,604.983639,10784,-0.0165,-3.50490731,-0.028951879,0,0
700,36047103400,21812.81459,8,13,5,,0,3.6730043,-432.64998,4975,-0.0031,-3.8725065,-0.049452713,-0.003376333,0
701,36047105801,15583.77132,-2,-9,-15,,0,132.3125021,-3050.1805,-4971,-0.0108,3.80833757,-0.062935391,0,0
702,36047105804,24589.71304,8,-2,-8,,29.4343435,63.3800883,200.56649,1014,0.0212,-1.89463692,-0.022810512,-0.001916507,-4
703,36047107000,79788.18303,1,-25,-80,,51.8830718,75.4171644,177.88268,2895,0.0311,0.08297568,0.016431892,-0.015311227,-1
704,36047107800,12780.44976,16,-32,-36,,50.3372696,101.795268,1472.60622,4108,-0.0233,2.5564409,-2.54E-05,0,-3
705,36047109800,21641.02093,21,-35,-21,,27.8301274,59.2248426,290.788622,3037,-0.0078,5.3877551,-0.062728937,-0.008707644,-6
706,36047110400,18777.06797,-21,-98,-71,,37.6654713,84.7247783,-146.16027,1215,0.0203,-0.15503876,0.012535047,-0.003611396,-6
707,36047110600,4314.864711,0,-38,-25,,0,119.0650513,-2331.78915,-2243,0.0105,3.2972973,-0.015243373,-0.00548684,-1
708,36047111000,3108.429987,-13,-1,-8,,0,94.0119761,-2.00E-05,-267,0.023,-4.08671789,0.012049127,0.011536624,0
709,36047111600,12604.9534,-18,-67,-47,,17.4040904,105.6270791,502.76586,1742,0.035,2.31275386,0.003780727,-0.002820449,7
710,36047111800,4094.281126,6,-40,-23,,8.4857322,44.3730259,1707.4147,2153,0.0196,-0.28528827,0.00989008,0.006578947,1
711,36047112000,4364.292817,5,-12,10,,28.7676098,27.6233362,-2275.54483,4162,-0.0068,-4.35123967,-0.030093984,0,2
712,36047112200,8897.39951,-6,-53,-39,,30.8528249,81.3556885,877.77819,-1288,0.0152,-4.45669291,0.012447213,0.000389089,-1
713,36047112400,4486.754346,18,-68,-27,,22.5062696,24.6315295,-3480.51969,3782,-0.0074,-1.64779351,0.020734626,-0.00119504,7
714,36047112600,9238.422702,2,-12,-5,,24.8496245,20.195915,-3458.44355,774,-0.0008,-3.24034335,-0.043016121,0,-1
715,36047112800,10098.86442,11,-41,-44,,14.8641508,77.9520248,-1982.63639,4959,-0.0043,2.7135785,0.023116699,0.007879943,-7
716,36047113000,10630.41481,17,-27,-23,,23.1932913,56.3394514,-2563.63229,-874,0.0412,-1.51011863,-0.021943564,0.01054536,-1
717,36047113200,10884.02129,-4,-12,0,,16.8710805,199.7008748,287.57794,1702,0.0296,-2.39400666,0.001951192,0,2
718,36047113400,8411.835043,4,0,3,,-22.0645194,69.6010573,1266.12905,-14,-0.0642,-1.19836957,0.000788648,0.000793392,-3
719,36047114201,8826.31828,-3,12,2,,31.1843209,86.8188699,977.37967,-9410,0.0456,0.89269051,-0.032579864,-0.008201523,-3
720,36047114202,3347.187066,10,-1,-6,,27.7043483,134.2521956,4355.73999,8310,0.1327,-0.73553055,-0.029824568,0,0
721,36047114400,23544.29181,4,-53,-34,,3.2055914,119.7357473,-2669.90632,-4605,0.0847,-1.41860465,0.119787942,0.002954404,-1
722,36047114600,4693.968738,3,5,-2,,33.6765435,140.2791262,4804.63035,12207,-0.0065,2.06355283,0.012818577,-0.00458975,-3
723,36047115000,3991.828724,2,-19,-22,,24.7078434,137.6768938,327.34102,123,-0.0159,1.66524338,-0.054130158,0,0
724,36047115200,4191.113193,12,-38,-17,,26.2078204,140.9914241,-4146.82147,3676,0.0064,-2.38914443,0.010483079,0,-1
725,36047115600,8764.906017,7,-46,-17,,12.920899,71.3870839,-1279.91038,-421,-0.006,2.97003745,0.038965723,0.002028244,-1
726,36047115800,8496.958372,-1,-50,-2,,29.9270005,65.0762786,-2072.24091,3088,0.0747,3.08688097,-0.007039807,0.000213563,1
727,36047116000,3819.502188,2,-20,-12,,39.8854281,51.6534187,-1847.37396,2005,-0.0081,-0.7883959,-0.006807182,0,-1
728,36047116200,3618.53869,-3,-17,-8,,33.0317145,73.9352933,4622.14271,530,0.0006,2.01208459,-0.073425277,0,1
729,36047116400,4580.079617,-12,-7,-47,,28.2133001,46.5966247,-1298.09419,9703,-0.0193,2.37173717,-0.021631502,7.76E-05,3
730,36047116600,4020.753819,10,-29,-14,,21.9176887,120.3001111,1819.90451,5929,-0.0326,-0.15753425,-0.029643677,0.000615164,3
731,36047116800,3631.865147,3,-50,-32,,23.3931237,138.4680359,-3238.4764,4767,-0.0081,1.13929619,0.016870011,0.001220232,-4
732,36047117000,3879.971183,17,10,6,,10.838552,142.1423156,2980.40069,924,-0.0414,-4.51879699,-0.09571839,-0.020979021,0
733,36047117201,3786.424245,12,-23,-12,,13.9612615,136.7018537,-3228.7884,4552,-0.0208,-0.55147059,0.00649137,0,5
734,36047117202,4451.404392,-3,-7,-4,,10.0476231,79.5380365,-3138.82405,-1103,-0.0238,3.88302752,-0.020327578,0.002727614,0
735,36047117400,6240.736942,-11,7,13,,20.0874296,87.8153805,2226.67854,-1658,0.0373,1.55984766,0.003423073,0,-1
736,36047117601,4466.860847,-6,-7,-12,,29.5292155,3.9476259,2736.93659,2301,0.0276,-2.16925466,0.002130078,-0.001367992,0
737,36047117602,4216.043592,1,17,2,,24.3487955,3.035883,2845.7657,11716,-0.0453,6.14233577,0.023845859,0.00274631,0
738,36047117800,4112.184526,3,11,1,,20.4918915,48.1901002,1237.21949,9475,-0.0099,4.2942899,-0.015070691,0,0
739,36047118000,22003.92063,-6,45,8,,0,31.6416304,0,0,0,0,0,0,0
740,36047118201,3705.489656,-2,7,-5,,22.414939,10.1944627,-1885.3092,2846,0.0067,-1.90483619,0.002184783,0.000194511,-3
741,36047118202,3645.050171,-5,22,17,,21.5328194,43.5691176,6270.55507,4914,-0.025,-0.91463415,-0.018198502,0,1
742,36047118400,6008.760358,10,-27,-31,,24.0840533,26.5829047,467.58629,700,-0.0121,2.00573698,0.016828423,-0.004160556,-3
743,36047118600,3856.248084,-4,23,12,,26.4098619,5.6150089,-6636.10163,240,-0.01,-0.79745493,-0.014088229,0.007024793,0
744,36047118800,5112.39812,-16,-25,-47,,28.1664117,36.9771049,1604.13196,9074,-0.0746,2.73280423,0.007456324,-0.004350813,-1
745,36047119000,4116.563899,6,-16,2,,29.7243725,22.7583083,-1438.16782,998,-0.0073,0.81578947,-0.015311962,-0.004771024,-2
746,36047119200,5698.683414,-3,-12,-25,,29.4289874,87.1661422,435.76235,531,0.0005,0.51802508,-0.021994162,0.001017772,-2
747,36047119400,4612.191082,-24,-27,-11,,15.2085817,62.7674815,4731.24296,-966,0.0054,2.11415168,0.04354262,0,2
748,36047119600,7737.10416,-12,-21,-33,,17.6549295,46.2243142,2864.3535,-1210,0.0182,3.35015136,-0.006747981,0.002369439,4
749,36047119800,8245.660281,-17,-23,-18,,11.4081711,122.5340468,-2170.9451,-3629,0.0668,5.19037199,-0.044456933,-0.002586207,-5
750,36047120000,3797.158388,0,-59,-29,,19.4914595,47.6358136,1720.59391,32,0.0131,3.66716867,0.039885266,7.46E-05,0
751,36047120200,4487.171719,-4,6,3,,35.930571,32.1310985,-659.95861,-7721,-0.008,2.12804878,0.029048614,0.012881601,1
752,36047120800,12185.49873,-1,-80,-68,,24.9062138,97.3451824,1527.25911,3928,-0.016,2.66415313,-0.002629374,0.000572119,4
753,36047121000,4053.671224,4,19,8,,0,78.7253087,-1627.8132,1638,-0.0266,-0.32706093,-0.066653129,0.000614392,0
754,36047121400,4293.215842,2,-33,-10,,0,72.9645343,2176.15584,2021,-0.003,0.0042735,-0.012479358,-0.006866736,2
755,36047122000,26834.28521,-7,-17,-4,,29.0690567,82.7088528,779.74588,1805,0.0382,-0.57467779,-0.031031277,-0.003685062,-5
756,36047123700,50529.49773,4,50,33,,67.0090045,61.2974615,709.22923,493,0.0293,-0.4392936,-0.008879032,0.000402039,0
757,36047150200,26159.14293,-10,-12,0,,147.3073642,42.9135991,-800.08643,4375,-0.0197,0.15389294,-0.022394282,0.001114582,2
758,36047152200,36643.78792,4,-20,-20,,115.5484619,65.6205666,-1720.13442,3529,0.0227,-0.42930591,-0.0097933,0.002583581,1