,GEOID,pickups_intract,NYPDfelony,units,perSQFTvalueC1,newperSQFTvalueC1,Pop_Den,Median_Household_Income,Gini_Index,Ave_Commute_Min,Unemployed_rate_16,Moved_after_2010
1,36047000100,102138.807,26,106,1190.616338,1459.290687,49889.94,70938,0.5568,33,0.041450777,0.267807586
2,36047000200,21497.86679,84,,243.7865093,313.9397967,16619.2,34740,0.4267,38,0.079075426,0.25415677
3,36047000301,96582.50072,46,,,,48017.63,101544,0.583,31,0.030143541,0.319526628
4,36047000501,39175.79425,17,62,,,147218.9,110700,0.5084,30,0.070351759,0.369855395
5,36047000502,45341.36746,38,,1317.588974,1528.943303,69557.17,91964,0.541,30,0.078695897,0.304761904
6,36047000700,81033.00154,33,,1315.762582,1456.459427,59904.48,130966,0.5197,33,0.044046286,0.469689251
7,36047000900,75493.36314,122,,1036.215249,1240.295097,66798.02,121083,0.484,30,0.050847458,0.516059957
8,36047001100,93340.56203,538,,,,14862.73,107946,0.3258,29,0.040141677,0.966728281
9,36047001300,161313.1414,59,369,331.4655172,386.0632184,22726.74,111500,0.4131,32,0.032882012,0.205479452
10,36047001500,169887.5566,411,1045,527.5391922,610.8978077,50553.97,90616,0.4995,34,0.110171731,0.67301104
12,36047002000,11929.60119,34,,268.7628546,308.3511655,22990.74,61023,0.3888,46,0.040927694,0.208232446
13,36047002100,221130.2078,137,42,343.0189383,466.9892913,22492.85,208036,0.3931,33,0.05518917,0.591884058
14,36047002200,26638.81665,105,,272.9200144,305.2079006,37781.8,36563,0.5328,39,0.10459588,0.224366707
15,36047002300,82078.31336,108,,,,61788.02,19066,0.4825,50,0.265738499,0.187940988
16,36047002901,40700.37963,105,,,,88220.4,17544,0.4379,42,0.23328877,0.212439419
17,36047003000,7637.89513,20,,415.2687356,474.8336727,42588.52,68958,0.4713,40,0.058949625,0.296402878
18,36047003100,106615.6476,65,205,,,25483.36,69609,0.3538,27,0.10761347,0.320902846
19,36047003300,60887.28887,112,586,728.5425538,832.7378022,49652.6,105642,0.4869,28,0.049496277,0.584824183
20,36047003400,32536.25093,57,,434.2653339,502.1143612,16691.31,69848,0.4584,45,0.037217816,0.217647059
21,36047003500,49184.07134,184,,601.1178243,729.4791355,30177.94,61525,0.4984,37,0.102725367,0.313624679
22,36047003600,8523.26767,26,,424.3032524,464.4396266,92134.13,74449,0.4503,46,0.071788413,0.328531856
23,36047003700,70257.69804,171,,340.171608,403.6978352,16797.13,102386,0.432,30,0.054263566,0.811700183
24,36047003800,8644.261785,18,,440.6285901,484.4493806,30899.43,85950,0.3946,38,0.055147059,0.275862069
25,36047003900,65748.65073,64,,539.6447864,678.3307546,40519.37,102981,0.4522,36,0.074299635,0.421551724
26,36047004100,67914.62971,37,,729.0235858,932.0995209,56589.75,112128,0.388,33,0.045167118,0.378469871
27,36047004300,69714.36948,60,128,652.9730197,863.006111,49703.82,112036,0.5337,32,0.051391863,0.481198216
28,36047004400,28447.21855,54,,611.7219965,681.9900722,14544.69,95341,0.4266,32,0.059919028,0.210256411
29,36047004500,64524.8287,28,,998.7700821,1232.578501,50391,138281,0.4635,32,0.036725664,0.432889964
30,36047004600,19553.86668,59,,604.2485411,658.8598258,12264.43,118333,0.4157,34,0.065088757,0.241176471
31,36047004700,40447.5055,26,,523.0573066,696.4273978,14809.12,101150,0.4675,38,0.121827411,0.46505718
32,36047004900,36882.21505,21,,824.6324251,1125.6473,66921.32,116950,0.4467,35,0.008602151,0.455657493
33,36047005000,15148.39803,24,,576.9805342,640.6964552,26687.86,90608,0.4752,44,0.070086705,0.282287823
34,36047005100,24558.06362,39,,386.371843,507.105465,30579.23,85563,0.4881,41,0.031837916,0.319514661
35,36047005201,9065.863535,8,,545.278355,597.2792374,31088.96,29531,0.6449,50,0.070301291,0.305263158
36,36047005202,8898.815573,20,,464.2215961,543.8897634,42634.41,68958,0.4499,48,0.066666667,0.313145217
37,36047005300,146917.186,108,70,352.480912,456.2270298,3807.835,72841,0.4713,38,0.093770492,0.418356457
38,36047005400,10983.1482,28,,432.120273,492.6716054,52933.65,59696,0.4881,47,0.084106729,0.320241692
39,36047005601,11691.03003,26,,460.7494397,532.3870381,35814.53,53984,0.4757,53,0.113451087,0.312717164
40,36047005602,9009.740263,49,,404.2125762,469.7421455,27409.46,60164,0.5734,45,0.0375,0.324971494
41,36047005800,13150.94415,62,,439.2297517,507.8219114,44654.5,50528,0.4825,38,0.065130261,0.403095559
42,36047005900,32169.79596,65,,381.7966983,503.0857335,10357.14,57143,0.3905,41,0.120985011,0.4796875
43,36047006000,10357.9224,36,,407.2426387,451.6052426,46216.98,64286,0.4901,43,0.136456212,0.318264014
44,36047006200,11039.16422,49,,383.2461399,424.489506,44977.21,47050,0.4613,42,0.126027397,0.390572391
45,36047006300,26986.19257,51,,631.0701734,812.485278,50106.11,97614,0.4299,39,0.039383562,0.353216374
46,36047006400,13821.59565,47,,415.3419175,454.3579816,41352.92,64214,0.5175,40,0.094773119,0.232507289
47,36047006500,66894.25777,47,,667.9100905,821.8765506,55860.71,109492,0.4969,37,0.053329724,0.442540744
48,36047006600,10458.66018,51,,315.094467,373.4436203,63966.34,59981,0.5363,39,0.184331797,0.305464121
49,36047006700,59076.14383,29,,805.1303846,982.8616607,63016.3,145294,0.4337,37,0.092962963,0.354556804
50,36047006800,12619.71739,93,,362.1006256,403.5051214,73856.45,40857,0.4529,41,0.097450658,0.2416
51,36047006900,75066.81718,99,,733.1895619,943.4321119,51804.96,131284,0.487,35,0.02293578,0.379778052
52,36047007000,10100.41728,84,,363.5755483,390.2952231,43313.89,42218,0.4884,37,0.1,0.199191102
53,36047007100,71795.29829,91,700,667.3733881,851.010518,77329.23,36890,0.5874,41,0.185066422,0.198525241
54,36047007200,4726.414855,40,,314.579183,341.6994796,92202.77,37364,0.376,40,0.057193923,0.279620853
55,36047007400,10893.98384,74,,313.0045791,331.350042,109273.6,46204,0.4602,42,0.085644086,0.263774105
56,36047007500,75888.1069,55,,661.7057447,804.3422966,43725.01,135697,0.4979,32,0.067801858,0.442018437
57,36047007600,10767.1206,69,,310.0511879,351.1944337,89166.98,32996,0.5156,42,0.121266161,0.43956044
58,36047007700,104747.9828,60,,665.4592914,810.7648756,29125.63,123592,0.4783,36,0.051048951,0.343299519
59,36047007800,10721.85141,93,,292.740185,334.7719089,103007.7,42000,0.4656,46,0.10044874,0.222007722
60,36047008000,10800.04931,76,,291.9194834,340.805184,83628.2,53380,0.4552,44,0.082317073,0.270752521
61,36047008200,10843.79772,72,,316.5289792,379.05052,79733.34,35511,0.4959,39,0.102021174,0.226282502
62,36047008400,18934.18289,82,,372.1127632,451.3727912,42113.8,49274,0.4302,37,0.07059421,0.195283019
63,36047008500,21922.91476,195,,,,73576.55,14000,0.6165,45,0.281537845,0.204183267
65,36047008800,12290.88351,38,,333.1322171,419.7631774,46460.56,53528,0.3543,44,0.095310907,0.285714286
66,36047009000,9639.494819,49,,378.4185736,422.2287562,56232.05,36925,0.375,48,0.062146893,0.402951192
67,36047009200,7350.610609,32,,370.5802539,420.1276151,123692.3,38042,0.455,44,0.093693037,0.405552203
68,36047009400,9805.425848,30,,393.8690373,438.5526342,100100.4,40239,0.4569,45,0.101257659,0.345825115
69,36047009600,9787.442615,49,,369.5815596,439.7048792,102240.9,32829,0.4557,40,0.108656284,0.418794134
70,36047009800,9804.057488,49,,404.1800897,458.8705965,140265.4,31961,0.5048,47,0.086372361,0.31547619
71,36047010000,9801.733645,58,,367.5043523,398.7709885,108286.4,33229,0.4303,47,0.100671141,0.420992584
72,36047010100,24492.04008,70,,390.7818676,467.1377703,36833.44,43779,0.454,39,0.102769972,0.331564987
73,36047010200,9898.050655,40,,406.3917876,427.4034265,89447.6,42911,0.3608,45,0.081091618,0.341642229
74,36047010400,9888.776524,61,,427.2993568,456.3102872,100955.7,37787,0.4577,40,0.110053917,0.347746651
75,36047010600,9799.237058,34,,463.243769,525.8050496,98618.33,37531,0.45,47,0.087536023,0.345045678
76,36047010800,9802.170924,30,,458.8646186,529.7677897,73198.78,32122,0.4713,50,0.087570621,0.337395278
77,36047011000,10261.8439,42,,311.725204,348.6310173,44373.86,40238,0.4771,46,0.054183267,0.36036036
78,36047011200,11122.33349,54,,315.7856999,336.6325346,98678.16,30032,0.4579,43,0.085342518,0.240927419
79,36047011400,8483.223881,29,,350.8641343,390.4068143,69460.68,42402,0.384,32,0.033005211,0.386712095
80,36047011600,8102.60004,49,,472.1270637,518.4899724,69070.23,32267,0.5048,53,0.070216777,0.359349594
81,36047011700,47895.36946,40,,527.7194879,658.2849784,34189.49,72429,0.3981,37,0.064168086,0.546774193
82,36047011800,14233.3848,77,,408.5320365,454.9254526,25139.78,31447,0.3912,40,0.069,0.267080745
83,36047011900,171108.3444,142,,498.7606784,622.4889075,6317.216,82969,0.4522,34,0.071553229,0.429567643
84,36047012000,12456.69864,25,,458.1882395,499.0069393,16844.25,28750,0.479,40,0.100169779,0.473529412
85,36047012100,35242.57569,28,,572.1374199,728.4302366,31610.39,93393,0.4186,36,0.0236822,0.420348059
86,36047012200,14402.54992,51,,342.1453713,375.9797866,77112.06,36250,0.4244,40,0.138190134,0.300262812
87,36047012600,15861.43058,82,,388.5835338,420.5873429,31643.38,37179,0.4509,44,0.082901554,0.243707094
88,36047012700,68487.68023,68,,518.1963889,617.6824814,62280.44,51397,0.5484,38,0.076923077,0.337670384
89,36047012801,4039.922954,48,,472.9548495,500.0247509,47169.33,42596,0.5063,48,0.057546145,0.360480641
90,36047012901,51892.75214,229,,576.745289,720.1447393,48757.75,82071,0.4532,36,0.057112069,0.506134969
91,36047012902,48167.7986,64,363,623.4661621,725.5201575,42071.54,86290,0.4914,36,0.06171875,0.463356974
92,36047013000,12002.16903,54,,348.2046384,392.3995124,76688.63,57549,0.467,41,0.079545455,0.31648236
93,36047013100,59292.83073,35,,664.9923757,763.5988321,70287.49,111950,0.5203,37,0.043478261,0.389102917
94,36047013200,5435.7853,35,,393.4240296,469.0097745,40129.55,56167,0.4502,44,0.065326633,0.166197183
95,36047013300,56302.81894,31,,730.2938372,774.22278,81518.67,144293,0.3554,36,0.043091655,0.332785088
96,36047013400,18247.33129,68,,360.2748942,409.5204677,37270.88,66172,0.4096,39,0.083374203,0.285520054
97,36047013500,57578.43,36,,758.9867676,890.9820211,62998.65,126111,0.4881,41,0.050622407,0.409685864
98,36047013600,14657.0013,37,,392.3463514,447.125188,45742.72,66375,0.4365,42,0.045261669,0.278710544
99,36047013700,57800.56464,63,,733.3532159,859.7548941,55689.17,99648,0.4309,40,0.06598513,0.36331192
100,36047013800,11059.99034,120,,366.6365441,398.1134266,54530.59,52645,0.4893,42,0.042577031,0.32412248
101,36047013900,57375.70042,36,,717.1826476,883.4852798,62502.96,100787,0.462,35,0.0781893,0.333333333
102,36047014000,5146.042513,31,,433.6979893,472.1059584,32592.37,59130,0.4609,39,0.06031746,0.208115183
103,36047014100,62742.23436,43,,650.2750832,769.6204861,61477.45,78125,0.4893,42,0.100324939,0.504679144
104,36047014200,13720.12504,77,,359.0253825,401.56159,39910.43,56324,0.4326,41,0.107370865,0.333078102
105,36047014300,82306.71089,32,,485.0703729,603.538792,43055.55,80170,0.4407,36,0.052,0.396449704
106,36047014500,16977.54736,48,,419.5408664,524.5772066,52438.65,64926,0.402,36,0.063796354,0.483210017
107,36047014700,8272.284642,15,,522.751046,663.8808187,50417.59,81181,0.4458,46,0.036709721,0.496947497
108,36047014800,4689.139524,15,,492.0092209,556.1209726,24374.71,56500,0.4887,41,0.08988764,0.214566929
109,36047014900,94731.32662,62,,669.3640217,824.9093881,60479.86,103378,0.3618,41,0.065785997,0.410910691
110,36047015000,4690.830805,19,,441.4274871,489.2375954,31854.69,82188,0.4223,40,0.029372497,0.167820069
111,36047015100,56610.93074,29,,751.3500924,923.9331128,74120.59,121742,0.4589,37,0.081456456,0.33993808
112,36047015200,9378.257102,29,,378.5556775,429.3378627,24912.88,70598,0.4489,39,0.116527037,0.279123414
113,36047015300,57052.49839,47,,806.4203217,985.4554164,50964.3,115000,0.3843,37,0.049363057,0.344444445
115,36047015500,56737.15185,28,,814.4253934,1009.493756,63587.93,128611,0.5097,38,0.049977283,0.413072777
116,36047015700,63479.26724,34,,863.080102,991.6543303,66347.67,102500,0.4129,41,0.021291449,0.421309873
117,36047015900,94993.82623,59,,742.1380231,870.8907305,53246.51,130806,0.4477,34,0.039226833,0.398096749
118,36047016000,17612.20563,68,,377.6070895,428.1086049,44786.11,60698,0.4324,39,0.094540613,0.315964524
119,36047016100,74946.13863,119,,683.4899305,848.352398,44572.71,103500,0.4741,37,0.04218107,0.415834522
120,36047016200,16153.14381,13,,436.3642715,497.7020806,27447.44,71602,0.421,40,0.059065934,0.4
121,36047016300,75661.63675,43,278,579.8855995,763.6005696,45344.35,86234,0.4237,39,0.088939052,0.311341735
122,36047016400,53806.87663,2,,405.5738091,431.949097,2122.569,97760,0.358,21,0.031746032,0.873015873
123,36047016500,70648.05822,24,,866.1229446,1027.929123,79257.28,124714,0.5528,38,0.042471042,0.393904321
124,36047016600,9378.784644,19,,523.1889439,549.8884426,20181.98,80395,0.4877,33,0.096551724,0.164670659
125,36047016700,64037.20526,18,,778.2136638,959.3130937,80928.02,107466,0.4224,39,0.053926206,0.351198872
126,36047016800,5475.466791,10,,453.9946335,511.7544617,27197.06,82891,0.4562,42,0.037914692,0.140969163
127,36047016900,29788.6786,41,,653.8953959,801.4109291,59092.4,78504,0.4886,36,0.037100653,0.357643759
128,36047017000,6872.239533,33,,402.5488392,452.3504155,50982.8,72875,0.4622,46,0.091405862,0.321839081
129,36047017100,29613.12072,13,,657.5765458,812.1920562,49038.53,108384,0.4385,40,0.074369748,0.285714286
130,36047017200,6782.07611,48,,396.6699237,449.2349974,50719.34,70125,0.4003,48,0.076883649,0.346393589
131,36047017400,5411.78182,20,,475.1752424,514.7461401,28986.45,72692,0.4218,49,0.049043062,0.179378532
133,36047017600,4388.913978,16,,370.970155,434.2116289,42201.69,55865,0.4215,50,0.029436501,0.206257242
135,36047017800,5392.327434,36,,336.5466991,353.4192673,50940.75,55745,0.4388,51,0.087186262,0.306818182
136,36047017900,58719.7735,42,,660.0282517,669.8314673,67367.51,45947,0.5096,37,0.095995612,0.322936972
137,36047018000,5789.685178,22,,366.2247442,411.7601396,51647.99,57194,0.4466,48,0.070855615,0.211281071
138,36047018100,62425.89228,54,298,634.9024085,776.0765588,52522.87,80911,0.4569,35,0.092163847,0.356952584
139,36047018200,7354.083381,17,,384.8356054,424.9367921,56349.34,47206,0.4457,43,0.090384615,0.277972028
140,36047018300,50767.21417,37,,550.6754338,681.9692545,50777.05,93625,0.4368,36,0.091096243,0.378420641
141,36047018400,6627.938409,11,,434.2792982,489.0719165,44303.73,76210,0.5019,44,0.062253743,0.200992556
142,36047018501,41074.18056,152,,425.200714,512.8579556,112091.8,17407,0.5755,38,0.330163761,0.219339622
143,36047018600,5024.655845,9,,443.7015042,499.2725321,47466.39,68021,0.4323,42,0.077884615,0.162444113
144,36047018700,31707.08075,66,,477.716334,595.8128256,44997.32,89375,0.5121,38,0.075294118,0.512773723
145,36047018800,7787.1492,32,,392.677436,444.3108715,42557.2,56339,0.4178,48,0.081861958,0.295660949
146,36047019000,9463.442863,63,,351.9575559,398.2394923,62446.57,45132,0.4357,49,0.175572519,0.369509044
147,36047019100,87219.23442,89,,426.5688245,555.6874761,30051,78750,0.4723,38,0.126201923,0.455399061
148,36047019200,9595.133153,49,,378.504026,419.591932,46371.14,38561,0.5316,42,0.038374718,0.238542891
149,36047019300,93029.35426,63,,256.7361088,318.8188922,55318.6,54369,0.4242,34,0.129570747,0.22165189
150,36047019400,6269.056852,40,,397.1605119,423.3385975,54958.5,46071,0.407,47,0.054587156,0.293459552
151,36047019500,47258.39103,29,,524.8378844,694.6741251,79162.67,84187,0.398,40,0.048930772,0.473508087
152,36047019600,6616.314161,58,,383.3192263,429.1138149,70420.85,48382,0.4188,44,0.109002648,0.359947644
153,36047019700,58573.05697,42,,553.523577,695.9767235,53499.61,83650,0.516,41,0.107857491,0.275298554
154,36047019800,4733.333424,10,,404.905337,456.217255,38028.4,61875,0.4465,47,0.035043805,0.199101797
155,36047019900,65160.65385,71,,502.164412,598.6847369,39251.38,67656,0.4574,36,0.028647215,0.360373295
156,36047020000,4738.323872,14,,439.841192,473.6810524,42558.94,58000,0.4239,41,0.066799601,0.236363636
157,36047020100,60488.38133,46,,484.7815911,637.2531948,57388.25,84844,0.4752,38,0.076840215,0.384615384
158,36047020200,4737.297235,8,,463.6448178,503.2410467,40935.59,95152,0.4414,43,0.131952017,0.202786378
159,36047020300,57833.71731,44,,385.7194871,490.8743706,31039.84,106250,0.4266,39,0.131176999,0.465648855
160,36047020400,4736.307345,8,,466.0045807,529.2877092,37408.53,65598,0.4189,42,0.112348178,0.218298555
161,36047020500,65640.86445,35,,518.531888,672.3089163,44547.32,78000,0.4427,38,0.042058387,0.422844176
162,36047020600,5986.560778,20,,441.8059151,495.5965573,41133.6,89743,0.4482,44,0.0972316,0.197633136
163,36047020700,56477.51737,29,,531.6203619,702.8750573,84656.35,97353,0.4618,37,0.053163731,0.296153847
164,36047020800,5035.490417,17,,350.1718894,397.895239,59131.16,56003,0.5122,49,0.089721749,0.246853824
165,36047021000,5270.869187,31,,384.4661743,434.1447673,85392,44722,0.4494,45,0.127366609,0.282578875
166,36047021100,64230.65757,22,,333.9380544,467.6239715,18332.05,43000,0.5286,42,0.091925466,0.436482085
167,36047021200,6705.212271,32,,423.6886408,491.0766378,70248.74,35330,0.4389,54,0.07125,0.324194654
168,36047021300,35348.17509,98,,355.2459899,445.689841,60419.36,38750,0.5019,43,0.206297941,0.294453084
169,36047021400,8491.926011,39,,384.7949255,438.5218277,37578.07,55184,0.4131,51,0.035514019,0.2
170,36047021500,61481.10135,59,,355.4379916,443.2033516,86093.78,61723,0.4781,45,0.039118286,0.321892005
171,36047021600,8502.469656,22,,377.4173423,411.0912162,68654.44,35682,0.449,36,0.046065259,0.162313433
172,36047021700,27754.68815,86,,358.282849,455.2826238,84487.65,54595,0.4628,38,0.101073345,0.386565272
173,36047021800,7978.962305,20,,371.6489992,413.8961101,72027.99,35721,0.5192,28,0.042243263,0.181544634
174,36047021900,34132.03865,59,,321.2016782,408.7449149,63708.3,55758,0.4419,40,0.08310992,0.316713483
175,36047022000,9822.176334,47,,335.4718051,356.2630259,57497.82,30861,0.4463,36,0.054144385,0.252674897
176,36047022100,34816.36714,83,36,280.6416429,357.1205607,73472.76,37140,0.5144,43,0.124249249,0.410780669
177,36047022200,8907.350456,32,,284.7376148,319.0363559,66504.94,35094,0.4473,29,0.052190722,0.28837622
178,36047022400,8876.04705,18,,324.0945351,365.4035003,88233.52,37271,0.4179,39,0.022792023,0.197521301
179,36047022600,7896.279382,33,,329.0868004,375.0322254,40430.21,48269,0.3732,41,0.019493177,0.166077738
180,36047022700,83032.75423,129,100,261.7200122,336.2888946,40072.04,53363,0.4959,38,0.123353819,0.309740715
181,36047022800,8462.553855,16,,345.0685972,402.3713773,52102.13,30913,0.485,32,0.092964824,0.171641791
182,36047022900,59263.65698,43,,297.3314881,360.565379,56975.15,51645,0.4616,37,0.080257511,0.451612903
183,36047023000,7631.540377,22,,333.5769977,391.2746636,65748.71,31102,0.4753,34,0.067443286,0.276842105
184,36047023100,54981.58219,63,,430.224301,557.2544406,56961.73,77039,0.4149,40,0.118165785,0.456624075
185,36047023200,11444.42941,25,,311.9867683,375.6620004,65823.49,33801,0.4356,34,0.068829892,0.157549234
186,36047023300,43074.31039,121,,302.8373886,372.9297521,73295.15,33141,0.5305,39,0.193100862,0.341386554
187,36047023400,8583.805854,16,,299.6978544,348.8479022,78744.74,24978,0.5272,28,0.023994354,0.19956616
188,36047023500,48826.70492,83,,232.4117818,290.9178167,73451.35,45406,0.5247,35,0.065987124,0.35809226
189,36047023600,8587.152889,10,,305.3318868,364.659976,86809.7,24240,0.4581,26,0.054168879,0.180060423
190,36047023800,8588.79985,10,,326.8315066,395.7672444,63147.38,29050,0.5926,37,0.041809459,0.208301307
191,36047024000,8582.106794,19,,328.3525921,385.8549471,68216.6,26823,0.4984,25,0.106809079,0.163362411
192,36047024100,45171.29516,115,,265.3241517,321.0113172,34132.68,60815,0.4421,36,0.058053966,0.481363153
193,36047024200,9679.049872,43,,364.5013122,414.0929581,41287.64,38333,0.4871,35,0.049632353,0.156862745
194,36047024300,38687.63789,57,,282.1721848,336.8155012,71701.27,54505,0.4681,41,0.075320513,0.356446992
195,36047024400,7850.420038,23,,364.8166642,428.8472785,62665.57,48611,0.4908,36,0.070138889,0.285860656
196,36047024500,41821.64799,64,,274.4260262,342.2628836,59840.96,51605,0.4367,42,0.2052383,0.317460317
197,36047024600,8740.201568,37,,403.3057385,461.7895438,47865.64,45417,0.4736,37,0.082517483,0.217750258
198,36047024700,42285.15573,122,,273.8522962,350.4984241,29913.95,42308,0.4865,37,0.123686338,0.372093023
199,36047024800,7823.435236,37,,432.5670431,478.3905455,44964.2,46310,0.4508,40,0.05375603,0.264108352
200,36047024900,42233.7246,83,,252.2646365,333.953406,61069.83,48315,0.4606,42,0.11323764,0.479435958
201,36047025000,7711.43766,35,,420.6323708,444.5465886,22794.09,46190,0.5619,52,0.096695226,0.167330677
202,36047025100,34712.32745,89,,274.0240033,344.6433444,65867.6,27125,0.5961,42,0.232835821,0.248211731
203,36047025200,8056.611787,39,,390.4212146,452.1625595,76253.02,42302,0.4379,42,0.088,0.323413812
204,36047025300,40564.50237,57,554,233.7148318,281.4398454,40649.61,43491,0.5062,40,0.114508783,0.380194518
205,36047025400,7799.751703,14,,408.1109771,462.0122766,62811.92,48261,0.4244,44,0.105162524,0.190033784
206,36047025500,34749.3489,95,,,,98454.48,22500,0.4265,42,0.180783242,0.12032967
207,36047025600,7701.276892,26,,443.8856636,485.9631101,47755.42,53036,0.4881,48,0.07330195,0.142713568
208,36047025700,45397.95331,76,,295.2317505,343.5789922,31130.76,51310,0.4982,39,0.1676783,0.356269113
209,36047025800,7565.392772,26,,379.1941654,411.840953,64284.87,37917,0.484,39,0.11490837,0.252083333
210,36047025901,20111.51675,35,,245.6978638,306.138118,61782.43,41289,0.5104,39,0.157077626,0.450079239
211,36047025902,14937.19653,90,,,,162412.1,16140,0.4863,47,0.482128013,0.254782609
212,36047026000,7238.389394,21,,383.6385062,435.3441029,58633.14,50123,0.388,43,0.105695509,0.202099737
213,36047026100,49984.19617,89,70,238.9385844,287.3642196,64769.83,38859,0.4951,38,0.067357513,0.36938677
214,36047026200,7015.92687,26,,449.9993779,487.0876568,39737.68,57121,0.468,44,0.147461724,0.165809769
215,36047026300,29979.10841,69,,257.6549686,321.0187725,43352.7,39861,0.4856,41,0.111003861,0.421428572
216,36047026400,8420.191397,39,,382.3484841,437.6178515,67615.78,47336,0.4613,54,0.053877551,0.251216545
217,36047026500,40005.98912,59,,262.7914112,334.8995879,57736.31,51050,0.6142,43,0.120671563,0.410764873
218,36047026600,7373.171949,25,,395.9014397,454.0724508,53361.9,50580,0.4503,48,0.121921182,0.286624204
219,36047026700,39994.38551,39,,254.7180992,337.2111326,57314.7,41458,0.5442,41,0.129063098,0.387023336
220,36047026800,7954.144893,22,,375.8854953,429.0723667,53400.32,44548,0.4379,46,0.09881014,0.355776587
221,36047026900,33573.82739,101,,265.9068428,334.0004971,51917.32,48841,0.4769,42,0.135152697,0.337391304
222,36047027000,5955.397378,16,,408.0023433,447.9626267,49073.38,50490,0.4464,50,0.081666667,0.201773836
223,36047027100,60774.06262,67,,258.9214574,324.1890342,24750.21,37104,0.4512,42,0.107426099,0.341062802
224,36047027200,5873.213324,16,,427.0482726,472.8212173,72360.59,50982,0.4461,46,0.094645754,0.352993744
225,36047027300,33844.61459,78,,256.6070077,340.9927302,45830.85,34297,0.5424,38,0.096334186,0.277688604
226,36047027400,7260.653584,12,,413.3179291,468.9238978,48988.55,42266,0.5094,51,0.061940299,0.258964143
227,36047027500,36643.0973,75,,268.6604441,347.410898,69448.59,55990,0.5023,42,0.166245791,0.389480276
228,36047027600,6639.743499,34,,366.325853,401.7090809,74979.91,46194,0.5053,47,0.099459946,0.337489609
229,36047027700,36649.49849,103,,250.7941582,328.683805,79485.22,37875,0.5167,44,0.221647059,0.276291226
230,36047027800,7132.045098,62,,371.6055122,379.3286442,55165.88,47917,0.4658,46,0.181978799,0.245220283
231,36047027900,36607.57877,68,,253.7374119,312.3037918,62604.76,57869,0.4301,47,0.127740705,0.319810683
232,36047028000,4564.616592,24,,352.4322102,372.8950271,29983.9,56974,0.4729,52,0.135504202,0.340322581
233,36047028100,36611.19001,106,,229.8842091,278.1793161,78081.25,25082,0.5362,46,0.192546584,0.303084223
234,36047028200,5586.876045,65,,364.5255156,390.8740036,46207.84,41974,0.4784,54,0.089121082,0.2
235,36047028300,27553.93239,94,,233.0330592,279.6088039,88191.69,32917,0.4978,42,0.22528363,0.354519774
236,36047028400,7300.158393,51,,337.4902484,373.7109566,57742.05,51849,0.4242,48,0.138314785,0.223446105
237,36047028501,19044.15039,62,,186.0975729,239.71573,9116.499,84861,0.3762,42,0.108597285,0.172413793
238,36047028502,27100.40774,91,,,,56739.04,15135,0.472,50,0.284414107,0.133959044
239,36047028600,5718.995984,47,,351.1840157,402.0792983,68260.18,43828,0.4965,53,0.042437923,0.301924026
240,36047028700,33699.06457,101,,259.0054738,317.2941851,48200.53,30755,0.5332,39,0.120830245,0.270137525
241,36047028800,6791.417801,36,,397.3032016,433.7756205,59237.79,41786,0.4701,44,0.056090652,0.34232715
242,36047028900,37410.80738,77,,264.5882759,335.5085091,53341.79,39570,0.4706,45,0.257541899,0.279642058
243,36047029000,6875.981483,72,,343.6819778,394.2325988,67247.41,45179,0.4271,51,0.096374046,0.248213125
244,36047029100,37222.99404,57,,249.4884359,311.018436,44722.77,35521,0.5156,49,0.207883026,0.358024691
245,36047029200,6726.67931,24,,333.2837978,370.9116522,33031.58,42740,0.4898,50,0.093311313,0.31753032
246,36047029300,37181.47153,62,,270.4409895,336.6193234,53954.14,30479,0.5106,40,0.201145767,0.351758794
247,36047029400,8346.798609,65,,337.3944764,388.0027567,34110.89,53625,0.4113,47,0.113984674,0.242225859
248,36047029500,37209.37868,53,,256.1796335,326.6094757,59845.46,54276,0.4816,40,0.060240964,0.287984742
249,36047029600,9515.839678,62,,336.839186,382.4489866,69080.05,44875,0.4918,44,0.093612335,0.35326087
250,36047029700,47714.86475,77,,294.7683867,372.2233326,50007.84,50260,0.5318,40,0.192822967,0.260869565
251,36047029800,9272.559775,88,,345.0001106,420.47235,45401.35,55938,0.5287,41,0.055150884,0.294802172
252,36047029900,33316.67746,68,,256.1780102,299.3972628,48051.96,22734,0.5014,41,0.163636364,0.303703704
253,36047030000,8190.252332,39,,276.8195103,367.2468892,53751.44,64615,0.4729,45,0.052578362,0.365196078
254,36047030100,24731.76997,84,,430.1407288,475.502585,36658.82,44911,0.476,40,0.18488746,0.257606491
255,36047030200,8868.000264,13,,286.1631131,380.3739564,53407,60370,0.4521,47,0.119417019,0.328418231
256,36047030300,32255.23522,116,,229.3990831,238.2177958,51251.09,19696,0.5045,46,0.169105691,0.327160494
257,36047030400,19522.81236,49,,272.7450043,357.0004588,21218.49,37837,0.4652,47,0.092071611,0.264086897
258,36047030500,74860.45229,109,147,319.4321675,411.3285607,47794.68,65701,0.4137,42,0.069896543,0.469467134
259,36047030600,4143.013369,19,,266.1634105,352.4026373,27132.69,60132,0.4696,41,0.075170843,0.218553459
260,36047030700,61659.24192,110,,261.8699406,300.6095844,41964.6,24706,0.4759,43,0.132256436,0.319680851
261,36047030800,14615.95291,49,,280.569793,356.5749687,7186.25,50189,0.4377,56,0.072144289,0.210013908
262,36047030900,33106.24136,110,,247.224335,299.8282329,38751.94,29375,0.5348,44,0.113537118,0.327659575
263,36047031100,33856.04206,101,,256.568237,322.6533121,49808.14,41683,0.4561,41,0.098297214,0.323766816
264,36047031300,40379.47044,94,,260.2650047,338.1684482,63157,34817,0.5392,44,0.081874356,0.365611715
265,36047031400,17934.88394,67,,288.2142548,368.5715252,13122.88,40486,0.4912,43,0.085641026,0.211690363
266,36047031500,41725.51841,174,,251.7795188,313.3054797,69130.13,54113,0.4324,46,0.167997445,0.379402586
267,36047031701,32436.6765,50,,242.3114674,299.2460629,60458.57,50205,0.4861,42,0.087472527,0.319444445
268,36047031702,32429.80222,65,46,245.931967,309.9059425,71463.41,53111,0.4182,43,0.118795769,0.458055926
269,36047031900,29115.38408,63,,286.3830706,337.5485369,64721.89,40744,0.4009,36,0.195316962,0.196254681
270,36047032100,30798.9318,115,,257.5188377,313.7389831,95400.01,41094,0.5465,39,0.125204851,0.353838583
271,36047032300,33290.15713,86,,260.1107063,323.0570168,57398.3,53851,0.4431,40,0.165002171,0.222379604
272,36047032500,32396.5064,103,,337.7666922,443.4650613,99133.44,43245,0.4655,43,0.147432639,0.297863764
273,36047032600,7014.317636,273,,213.5660994,267.1190138,54685.24,20833,0.5036,44,0.216810967,0.190128755
274,36047032700,27789.04846,90,,399.9271816,487.7402253,36579.85,47153,0.4949,44,0.115066751,0.255573248
275,36047032800,4963.830421,75,,218.6683427,284.9505037,29154.61,45357,0.6497,50,0.197613721,0.06263048
276,36047032900,24547.86939,107,,322.120906,343.5826263,95755.61,47578,0.44,52,0.230252101,0.336625161
277,36047033000,7632.157477,116,,220.1014939,294.0558136,35450.57,23007,0.5729,55,0.277233115,0.249423963
278,36047033100,27406.11413,90,,271.0527539,317.7025085,79591.81,39301,0.4485,35,0.133272892,0.387375416
279,36047033300,35847.35218,63,,317.5511873,355.3688196,65591.31,44608,0.4379,31,0.091321611,0.294027565
280,36047033500,34760.33266,38,,310.1421049,371.568585,44652,61164,0.4205,37,0.111658456,0.182298547
281,36047033600,14447.84408,42,,228.8488643,284.2510446,15317.37,62649,0.4667,46,0.110354886,0.218773097
282,36047033700,45863.94984,81,,262.7713073,323.314801,50045.93,48114,0.4488,42,0.098404255,0.240982348
283,36047033900,41952.85739,76,,242.7298525,306.1398457,64413.3,34231,0.4662,41,0.099204492,0.385438972
284,36047034000,2764.895132,38,,,,43255,17574,0.4559,50,0.176672384,0.082317073
285,36047034100,32443.55649,46,,278.408496,354.211072,51940.22,50417,0.3981,40,0.049626105,0.309160305
286,36047034200,4902.406197,135,,140.24554,184.9751956,64738.72,16656,0.6073,49,0.253031974,0.208333333
287,36047034300,37637.90352,78,,223.5837224,285.0552322,81413.81,25019,0.5819,41,0.146044625,0.247327503
288,36047034500,37974.4418,70,,212.2463742,256.1388242,45895,31701,0.5027,41,0.157723577,0.308890926
289,36047034700,32444.98143,100,,205.089224,233.1749222,61628.44,29114,0.4915,42,0.128651336,0.330671989
290,36047034800,13484.30707,183,,235.0047318,288.9656312,9833.027,46346,0.4877,44,0.121632025,0.266197184
291,36047034900,37883.84747,128,,187.7407015,222.3146742,84058.88,29754,0.4742,43,0.093230174,0.32047619
292,36047035000,4185.286099,107,,,,37018.86,30889,0.4206,37,0.12936345,0.089224434
293,36047035100,37838.15814,185,,193.0295059,235.0006353,70496.51,24519,0.4802,42,0.129255057,0.178484108
294,36047035200,21137.84064,23,,132.4343008,139.7007269,2874.457,11011,0.3457,49,0,0.127388535
295,36047035300,37858.42781,103,,235.3935947,282.2273374,81622.44,39934,0.5009,43,0.068851252,0.403008299
296,36047035400,8059.30742,259,,,,36712.07,53158,0.4734,41,0.084245439,0.107222636
297,36047035500,26645.32981,87,,227.8562442,274.5980849,105165.4,39850,0.4265,43,0.089330025,0.275779377
298,36047035601,1370.638212,27,,,,104419.7,35954,0.4919,36,0.121052632,0.132278936
299,36047035602,3729.989506,27,,,,71651.43,32348,0.5177,45,0.047156727,0.120504973
300,36047035700,42139.09354,78,,179.2453488,219.0788843,35652.25,21227,0.5662,43,0.150753769,0.311850312
301,36047035900,42523.97629,181,,211.7347253,244.7074425,73330.08,30898,0.4691,45,0.184308842,0.271448025
302,36047036001,4619.338869,35,,242.0803092,293.5172819,79039.69,22384,0.6161,45,0.128903122,0.120838471
303,36047036002,4187.725089,34,,142.0651285,142.0651285,119665.7,18738,0.538,50,0.12,0.178485287
304,36047036100,17618.94406,87,,224.146342,270.9374181,44403.86,26936,0.6316,53,0.208879919,0.335827877
305,36047036200,8335.932812,104,,249.6500859,300.4602213,50632.12,28750,0.5124,40,0.123870968,0.351215423
306,36047036300,33036.67932,170,,191.2197579,195.5804481,40644.94,29741,0.5052,53,0.08,0.308524173
307,36047036400,6980.339773,47,,313.2289986,351.99952,37549.95,33750,0.5503,39,0.133031674,0.301790282
308,36047036501,16071.3739,46,,244.5650415,249.9332784,54873.23,39019,0.3928,45,0.140508221,0.197243755
309,36047036502,15311.05843,74,,217.243382,217.183937,25020.09,27364,0.6298,40,0.224770642,0.369193154
310,36047036600,11385.91337,82,,271.1071438,338.2016428,52382.63,36487,0.4655,43,0.049578059,0.28149748
311,36047036700,23475.07857,122,,249.4078776,284.5373043,19967.04,51140,0.3861,45,0.039073806,0.355339806
312,36047036900,28841.58987,138,,233.5901867,268.0214604,55275.53,31059,0.506,47,0.103021298,0.335167859
313,36047037000,16393.95275,30,,272.5436071,352.5121311,31224.71,66836,0.4791,44,0.045120157,0.145846959
314,36047037100,24085.08719,64,,230.7769256,286.9653499,64357.47,46641,0.5061,41,0.117276166,0.264579497
315,36047037300,21727.52149,115,,228.160343,262.6780222,62320.2,29057,0.516,43,0.104548139,0.382075472
316,36047037401,4827.27093,58,,267.3547502,345.2426216,47935.52,51857,0.5115,43,0.083333333,0.286346048
317,36047037402,6449.424553,37,,238.9102019,310.9619812,40193.43,30449,0.5553,47,0.086348288,0.320754717
318,36047037500,35902.10757,68,,206.8646901,273.477848,51032.24,45573,0.4142,48,0.152825836,0.280562885
319,36047037700,43002.5124,62,,258.8067265,324.7245158,57734.12,40272,0.5085,43,0.114012185,0.35078534
320,36047037900,41544.77905,90,,255.6925117,293.655586,49851.64,40412,0.4701,43,0.115010799,0.348670021
321,36047038100,55597.95089,154,,263.1439585,333.6875351,60012.75,27885,0.4751,39,0.146878825,0.265893037
322,36047038200,4986.688322,64,,239.4525309,311.6317328,64286.11,17308,0.4916,52,0.172147787,0.100286533
323,36047038300,39459.87877,75,,274.3828578,356.6451488,69075.65,48712,0.4681,43,0.092440801,0.370869033
324,36047038500,39438.28548,63,,236.1585909,302.6360322,49945.94,39141,0.4771,41,0.175581395,0.401476015
325,36047038600,5377.087566,54,,368.8845221,428.2043365,37319.54,44766,0.4101,39,0.092082111,0.2275
326,36047038700,42565.65399,93,,241.9513422,307.4879975,55823.51,36430,0.5027,45,0.201143451,0.30964467
327,36047038800,12606.63587,44,,298.787901,364.5477259,52981.88,60132,0.4321,48,0.054229935,0.224376731
328,36047038900,37270.51058,158,,238.2166352,297.3122198,51654.13,47059,0.477,40,0.077639752,0.263020834
329,36047039000,11072.50352,36,,301.1506987,385.7561733,34535.16,45682,0.5193,44,0.037735849,0.26395939
330,36047039100,38017.8718,57,,207.7221851,285.2233278,48098.69,35542,0.4732,37,0.180464562,0.351094196
331,36047039200,11121.27272,26,,361.298258,444.687358,41637.39,33125,0.4165,39,0.100634633,0.317025441
332,36047039300,43381.73175,116,37,239.6606234,299.0047829,47041.02,52244,0.4853,42,0.144216324,0.375302663
333,36047039400,12235.04014,19,,419.7655321,536.2046984,33438.34,51927,0.5709,43,0.147478592,0.200814111
334,36047039500,36541.32905,71,,250.1894279,325.3467526,61441.68,27870,0.4995,44,0.227960355,0.364888124
335,36047039600,10401.33045,9,,596.0493818,702.0802464,33147.84,46926,0.5383,46,0.075334143,0.369534556
336,36047039700,36412.8997,140,,227.978229,276.8125086,53066.46,38266,0.479,45,0.196089385,0.31411863
337,36047039800,4340.674169,14,,392.8184774,456.3644911,36494.52,52721,0.4484,43,0.110943396,0.349369988
338,36047039900,34600.30685,49,,223.3976924,274.5784072,57952.6,31563,0.4958,38,0.175438596,0.262578616
339,36047040000,8061.195296,51,,404.5962571,469.3951249,46255.57,41759,0.4071,45,0.10974106,0.228980322
340,36047040100,36514.70331,79,,209.4738341,269.3346455,54459.11,42079,0.4345,48,0.136147757,0.384482758
341,36047040200,8293.338304,39,,337.8521842,413.6624652,35182.89,42000,0.4861,46,0.063860668,0.1799117
342,36047040300,48107.13581,82,,221.1186873,282.5044687,45869.05,27827,0.528,48,0.20527307,0.418908532
343,36047040400,6452.151558,15,,376.8192931,433.4476538,41312.38,39947,0.4785,46,0.125874126,0.265700483
344,36047040500,31555.99798,46,,233.8843635,302.4660942,28898.45,40815,0.5148,47,0.170294494,0.44320298
345,36047040600,6174.568227,26,,421.8189166,461.2241103,58739.67,44107,0.4398,43,0.100114416,0.268229167
347,36047040800,6421.530667,23,,376.262679,417.6016243,55955.8,59056,0.4498,43,0.116626794,0.336206896
348,36047040900,57943.02851,64,,213.6489277,257.830156,57609.06,37635,0.4548,42,0.134320175,0.437799043
349,36047041000,5999.30191,16,,419.3838147,488.2232892,33609.61,43750,0.4853,39,0.183867141,0.282051282
350,36047041100,30885.19644,27,,231.5193277,297.3330574,65002.07,35068,0.5624,44,0.099701493,0.356261023
351,36047041200,6941.865204,27,,397.0338052,452.2123332,44414.03,41944,0.5708,39,0.068417415,0.260912698
352,36047041300,37102.11368,53,,216.5145127,274.0086948,69713.92,38955,0.4047,42,0.088619403,0.340348331
353,36047041401,8606.263766,11,,777.885822,872.3412508,28368.1,52774,0.4548,43,0.110497238,0.134724858
354,36047041402,9809.463591,13,,1085.063417,1367.857037,27092.56,28884,0.6806,46,0.10877193,0.279752705
355,36047041500,37232.06375,61,,232.2355943,289.7964398,71287.87,53924,0.3856,45,0.21969697,0.378554021
356,36047041600,10354.11407,26,,500.495148,566.1531821,42125.54,44260,0.619,33,0.087136929,0.155433287
357,36047041700,32291.33331,56,,258.8442395,313.5336349,57950.02,22022,0.4814,40,0.135520685,0.225882353
358,36047041800,10466.25875,14,,520.4956433,633.9115993,36472.49,33056,0.5604,31,0.100653595,0.276737968
359,36047041900,35007.56584,66,,232.4277007,291.2526468,68214.15,35877,0.4532,39,0.2,0.31097561
360,36047042000,10741.44354,15,,447.8767671,554.5116277,29087.53,42969,0.5578,35,0.069767442,0.215799615
361,36047042100,35090.09804,46,,256.7274266,316.565331,67815.85,34362,0.4575,42,0.130025663,0.411674347
362,36047042200,14500.8294,34,,572.4044074,667.3710127,39520.44,68382,0.5114,40,0.086881473,0.287569573
363,36047042300,41691.35916,46,,263.4246419,326.3045341,70865.51,51083,0.4315,38,0.128479657,0.450190114
364,36047042400,6761.699764,16,,406.5602218,462.0973176,55199.21,46570,0.4141,49,0.093340325,0.233386076
365,36047042500,38399.73542,33,,244.3848809,310.5926599,44843.33,45642,0.4722,39,0.133254015,0.488867377
366,36047042600,7138.551523,31,,412.6124781,453.7897937,67154.49,47788,0.4584,47,0.089158644,0.310251188
367,36047042700,51422.27472,86,,283.5844717,374.6503468,97449.88,47055,0.4322,36,0.125932301,0.374708624
368,36047042800,6915.917125,35,,431.6601885,469.4353412,59126.04,52188,0.4536,43,0.100625652,0.229711141
369,36047042900,57997.86795,92,,209.6547949,261.5165073,88466.95,45382,0.4197,41,0.135732502,0.324645892
370,36047043000,6719.57536,20,,405.1794752,456.4059845,54930.16,34729,0.4356,41,0.110054348,0.225680934
371,36047043100,58022.81039,94,,262.5467839,324.9954184,87073.04,42269,0.5054,40,0.116554595,0.436635944
372,36047043200,6249.738129,23,,415.4378558,479.6891272,83363.3,48574,0.4406,44,0.082032813,0.287869265
373,36047043300,58035.91852,101,,214.8877699,272.9267418,70828.46,37882,0.4551,42,0.137802607,0.240569395
374,36047043400,5864.266144,21,,416.7206427,470.9571999,62460.29,47054,0.4911,42,0.104954368,0.28030303
375,36047043500,58006.43073,46,,227.7229034,286.7137722,79413.28,41058,0.5499,38,0.18172657,0.322894919
376,36047043600,5774.585502,20,,374.6313305,419.403504,90833.48,60227,0.4979,50,0.096857671,0.200743494
377,36047043700,57650.64367,69,,206.0125078,249.6134035,94872.83,42500,0.4398,44,0.190872649,0.333918128
378,36047043800,6543.073143,38,,475.6585459,582.1726358,43678.43,40227,0.4761,41,0.110662359,0.250535332
379,36047043900,68325.54276,61,,175.2486709,223.0346143,53926.18,40455,0.5345,35,0.201936376,0.29057187
380,36047044000,8447.007887,13,,436.367375,505.7085429,37818.95,47727,0.4913,39,0.103703704,0.23908297
381,36047044100,48658.80033,76,,227.4242587,288.9984964,112431.1,49167,0.499,38,0.120383037,0.403451995
382,36047044200,7666.940728,15,,470.0973175,510.1843383,38857.4,57366,0.5497,31,0.058823529,0.249130939
383,36047044300,57417.92009,61,,223.837283,285.1512026,83671.96,56657,0.4185,38,0.076643441,0.373434949
384,36047044400,7315.141822,11,,428.0109114,486.5684362,50585.36,44896,0.5422,37,0.089385475,0.240788347
385,36047044500,57304.33992,75,,351.0676068,416.4958626,77369.62,42894,0.4866,43,0.072881983,0.338299193
386,36047044600,7146.534487,6,,372.4497947,426.8203534,37018.67,47031,0.4763,46,0.11849711,0.230101302
387,36047044700,54833.51621,63,,339.0417712,415.9457017,40366.83,50114,0.4954,39,0.131675201,0.354350568
388,36047044800,9173.219398,25,,440.152449,511.0933041,22767.56,52083,0.5512,36,0.089055794,0.261455526
389,36047044900,445362.7914,120,53,452.0900376,601.3787445,4235.516,33831,0.468,38,0.138502319,0.223508459
390,36047045000,9488.202649,12,,435.3205999,489.8459853,5697.234,29659,0.6045,32,0.018867925,0.20610687
391,36047045200,7809.932872,14,,484.7579085,555.9762904,36670.77,67431,0.498,32,0.031185031,0.16838488
392,36047045300,110262.3663,113,,261.782701,345.4719961,18321.72,55536,0.4485,37,0.186440678,0.413902054
393,36047045400,5545.636108,8,,401.9125727,467.470213,37112.8,47188,0.496,34,0.086229086,0.200657895
394,36047045600,8807.847548,14,,535.7744966,601.4730613,43185.01,35385,0.5834,41,0.084562439,0.31773399
395,36047045800,10300.30737,5,,778.8418005,810.8060626,23837.52,60250,0.6078,43,0.072617247,0.200364299
396,36047046000,25965.94529,19,,393.815321,482.5864365,53208.44,45938,0.4987,36,0.089526039,0.185542169
397,36047046201,16992.45109,28,,426.6392109,473.5692752,54196.52,36765,0.4919,38,0.12168344,0.159433962
398,36047046202,7458.127227,12,,423.0171089,480.5384711,32039.97,56818,0.5191,33,0.040955631,0.088039867
399,36047046400,8548.374091,13,,435.6935025,518.8729429,41510.88,43889,0.4751,38,0.051044084,0.138719513
400,36047046800,14487.44479,16,,421.7767785,496.548998,21022.21,34063,0.4882,30,0.078668684,0.274285714
401,36047047000,9191.934109,17,,415.9520687,511.7201225,39972.43,46696,0.5213,29,0.04950495,0.120956399
402,36047047200,8736.358379,15,,388.0041511,499.3283386,43929.86,51159,0.4853,30,0.051391863,0.195355191
403,36047047400,8891.651305,10,,365.1728765,458.7142953,43134.07,52125,0.5759,27,0.037511436,0.193324062
404,36047047600,10474.29754,11,,368.713682,424.6198784,49480.26,45588,0.4383,27,0.094996374,0.110986547
405,36047047700,45895.61066,48,,465.0016355,604.2982555,44408.16,86932,0.3842,34,0.023334461,0.421354765
406,36047047800,11184.89223,47,,348.2981532,407.8439769,50577.47,31708,0.551,33,0.088010204,0.167850799
407,36047048000,20405.50442,63,,353.6324044,405.3416948,60897.59,30968,0.4797,37,0.097834205,0.294747082
408,36047048100,31547.82542,47,,464.0381927,570.3271266,52929.21,72717,0.4198,34,0.101541733,0.538970588
409,36047048200,25923.55241,39,,320.2501795,361.500281,75258.88,31992,0.4548,42,0.101617586,0.283119659
410,36047048400,19114.7705,38,,324.4154233,351.6968985,76884,40724,0.4464,35,0.040653814,0.271892223
411,36047048500,132914.1921,111,,384.3523052,449.6961025,13526.12,85924,0.3391,34,0.064264003,0.485981309
412,36047048600,16029.95754,33,,326.9070522,380.7726474,49529.8,44489,0.4436,39,0.040645161,0.207650273
413,36047048800,13096.63238,20,,362.3412384,405.4803475,71575.68,52000,0.4297,42,0.073545554,0.219476744
414,36047048900,20959.20956,71,,,,108250.7,19518,0.4732,41,0.2122571,0.238914626
415,36047049000,17612.82994,40,,324.9714868,357.2753676,82715.37,35642,0.561,40,0.093729373,0.343014522
416,36047049100,44447.1544,261,,250.4086267,308.7727081,73108.17,32813,0.4494,39,0.077848549,0.209988203
417,36047049200,15107.46521,23,,361.5961209,442.3552198,56975.32,46146,0.4346,39,0.105154639,0.227758007
418,36047049300,52164.52547,120,,278.6804693,354.0157038,84035.34,30613,0.5552,35,0.108067729,0.272529522
419,36047049400,16728.45402,25,,371.5411741,419.8911535,78855.3,47397,0.491,41,0.08563135,0.290828837
420,36047049500,26919.19989,68,,461.1890249,591.4410115,54205.93,73913,0.4474,32,0.056179775,0.398104265
421,36047049600,18546.21438,47,,366.9169329,421.0021799,50186.34,57477,0.4392,48,0.078109453,0.283321195
422,36047049700,34409.27259,30,,468.2928625,603.3244154,43513.67,79934,0.5262,30,0.053057554,0.518720218
423,36047049800,18671.70684,26,,364.2957815,429.2209696,57478.68,67907,0.4276,43,0.063254266,0.33990442
424,36047049900,37663.55232,17,,411.126437,548.7558197,31733.03,70031,0.4585,36,0.104166667,0.387755102
425,36047050000,28783.79584,23,,448.3816771,536.8137081,48065.67,78313,0.4231,44,0.052932019,0.256392536
426,36047050100,37574.23358,79,,644.9984758,823.3086141,44012.44,73919,0.4343,31,0.059990553,0.337876614
427,36047050202,19056.74244,15,,604.3853153,722.0245964,44923.88,73081,0.5264,43,0.020999276,0.3119349
428,36047050300,26129.19896,32,,456.4862195,590.2542517,50246.28,69712,0.4555,31,0.056716418,0.369727047
429,36047050400,32957.63929,30,73,1420.907318,1776.796902,53739.69,86771,0.4767,42,0.058882236,0.258870565
430,36047050500,35323.86626,95,,189.9710097,234.3716103,65570.67,30216,0.4877,37,0.125847458,0.31753313
431,36047050600,21808.86824,65,,322.2327019,410.809556,90272.52,48583,0.4199,44,0.090096286,0.273871983
432,36047050700,43771.24602,53,,151.4648351,180.0425274,35846.2,30625,0.4729,26,0.116022099,0.25
433,36047050801,10361.68153,98,,251.6416011,310.7281507,130691.1,40417,0.4318,44,0.154153709,0.243697479
434,36047050803,7428.098637,58,,248.6071982,318.117615,97483.59,38807,0.3924,39,0.131868132,0.285388128
435,36047050804,13651.96538,75,,330.7383622,430.7499846,145246.1,50440,0.3798,41,0.098610369,0.315768621
436,36047050900,9892.886805,36,,293.7672742,348.6223157,74965.16,32762,0.5923,26,0.038167939,0.187786259
437,36047051001,10189.7628,58,,157.1487991,199.4904746,143869.5,44332,0.411,45,0.13358209,0.287262873
438,36047051002,14179.30902,35,,382.3546903,492.735254,121627.9,45982,0.3924,49,0.123407353,0.235833783
439,36047051100,33156.45599,88,,306.460964,386.2823238,61864.95,31047,0.5304,41,0.08356676,0.339545719
440,36047051200,18525.25806,68,,394.0344689,492.168311,113000.2,36661,0.4838,48,0.091545012,0.252769799
441,36047051300,179365.4165,99,,404.4088263,526.3954106,44523.58,66951,0.413,34,0.050154799,0.378582202
442,36047051400,23981.8549,80,,323.1167059,398.3659304,103853,45685,0.4401,40,0.108977436,0.206470374
443,36047051500,160293.1066,43,,329.1691345,432.6292254,18969.64,96146,0.4732,36,0.034280118,0.451006711
444,36047051601,15368.15677,69,,275.3000486,350.0086172,115747.4,34241,0.3897,43,0.100789771,0.308324769
445,36047051602,12053.31945,77,,232.878402,283.2147311,108677.4,38813,0.4003,44,0.088251517,0.295253419
446,36047051700,161432.5036,44,33,545.6780008,597.2814763,27618.5,100814,0.474,30,0.049201278,0.513786765
447,36047051800,26663.43525,30,,412.9530877,477.8298681,44780.5,69856,0.4767,42,0.093623482,0.254873646
448,36047051900,235758.7324,73,,411.2511619,483.3513934,40691,87087,0.4464,32,0.052772013,0.498223801
449,36047052000,25238.57856,54,,394.4153013,510.3493085,62054.68,47130,0.5165,42,0.08707483,0.167128988
450,36047052300,100587.0281,77,,315.8757972,389.610281,103348,43076,0.481,33,0.043110982,0.299282398
451,36047052500,86355.12365,95,82,248.448128,298.8905973,68945.72,20993,0.5879,28,0.038367347,0.202586207
452,36047052600,22425.02289,53,,366.0472452,474.0404158,72072.42,60159,0.436,44,0.080297398,0.369700395
453,36047052700,131955.2951,113,,366.7720114,430.2974549,91107.77,32022,0.5137,32,0.141205615,0.312053759
454,36047052800,23251.66581,24,,367.7320285,465.3987402,27183.69,88068,0.4869,48,0.03440367,0.269051322
455,36047052900,12204.18344,40,,281.365745,336.9791805,59147.43,31962,0.4809,22,0.038626609,0.268470343
456,36047053000,9952.674048,37,,340.0053272,389.1628139,54103.22,37273,0.5143,38,0.102549247,0.270723104
457,36047053100,40496.25553,36,,242.7948175,290.5124764,143056.4,33945,0.6168,23,0.01642984,0.333132892
458,36047053200,9999.382861,26,,330.6184961,379.1321225,37726.64,49395,0.5328,43,0.12594697,0.278317152
459,36047053300,13519.24728,20,,290.2647447,296.236964,92281.45,20931,0.5866,21,0.004776119,0.203814064
460,36047053400,9937.891884,31,,333.5814923,385.7242734,63143.84,31004,0.5526,34,0.12555205,0.33072713
461,36047053500,9051.19709,26,,269.8443779,298.1114245,86385.52,20044,0.4397,19,0.050757576,0.316317229
462,36047053700,11683.27529,27,,226.8513352,235.9764882,52461.41,26346,0.4088,21,0.015258216,0.166666667
463,36047053800,9426.020352,38,,373.5063998,398.9294242,67170.76,27192,0.4903,37,0.088613626,0.342079208
464,36047053900,7070.379736,5,,181.2903079,187.99764,67394.52,19602,0.5221,25,0.086549708,0.059683313
465,36047054200,10842.89554,55,,341.1764449,383.662991,64609.71,39468,0.5021,38,0.109738013,0.243793762
466,36047054300,64470.60416,51,,,,940.6829,92500,0.3787,39,0.103225806,0.761904762
467,36047054400,10890.68982,29,,349.6626819,397.960232,39775.93,44453,0.5754,32,0.064848931,0.190632703
468,36047054500,11702.09286,57,,,,110679.7,16638,0.6403,27,0.089465326,0.046100819
469,36047054600,10352.29426,35,,409.2245862,435.1088124,63894.22,31868,0.5815,40,0.087807326,0.29477612
470,36047054700,116241.7232,60,216,318.3857446,392.8903109,77975.19,39773,0.5019,34,0.066754502,0.3543257
471,36047054800,8429.166841,13,,472.0309765,511.9843555,32789.77,58906,0.5489,39,0.074152542,0.1796875
472,36047054900,133919.1379,55,75,347.9649508,445.4792669,46193.37,68043,0.5478,31,0.062734082,0.482222222
473,36047055000,8751.982781,29,,446.4872061,506.0824176,53927.48,42993,0.4703,43,0.053333333,0.366552901
474,36047055100,159970.7629,92,,433.0634054,535.0570131,68645.54,63613,0.4499,33,0.107004394,0.376718213
475,36047055200,8159.219344,87,,349.4399183,399.7515001,49105.52,41850,0.4785,46,0.102515723,0.234227701
476,36047055300,134642.3881,114,88,423.8156893,489.33183,48047.45,80909,0.4346,34,0.048098946,0.497902098
477,36047055400,10783.25039,79,,319.6528128,381.1946284,61620.85,51830,0.4144,37,0.090659341,0.354397394
478,36047055500,223679.7072,103,761,384.0553911,471.103209,51249.65,108190,0.4677,37,0.042234697,0.774281275
479,36047055600,12305.56526,23,,393.5645083,426.8472759,48140.24,50066,0.4291,37,0.093340611,0.338129496
480,36047055700,241921.498,59,,733.0702378,811.3422884,21857.21,92222,0.5954,35,0.066441441,0.530405406
481,36047055800,8351.600036,19,,374.4219959,438.6981259,33864.14,53233,0.4659,38,0.108132261,0.166097838
482,36047056000,8990.327906,21,,461.2308372,545.1718685,51602.94,45788,0.4607,52,0.084002471,0.303558967
483,36047056100,96640.29962,119,,360.6226563,466.4254958,22772.41,80000,0.4111,38,0.055607477,0.299729364
484,36047056200,8312.050513,7,,459.3839543,515.7565473,23032.02,66250,0.4458,34,0.045901639,0.098720292
485,36047056300,97912.01543,82,93,354.0188904,452.516226,30029.75,66591,0.557,39,0.068842922,0.27826087
486,36047056400,8915.79025,7,,403.6312966,429.3795593,35975.79,71707,0.3814,41,0.052252252,0.120041754
487,36047056500,63276.65251,51,,457.7458281,575.7377777,32173.19,78445,0.4306,35,0.076812977,0.462174189
488,36047056600,8346.875861,27,,315.9110875,385.9865012,41477.86,61779,0.4367,50,0.058778626,0.206195547
489,36047056800,5733.064391,8,,292.9478582,351.2769196,30380.71,79583,0.3854,50,0.013227513,0.172794118
490,36047056900,34175.51036,34,,313.3259637,396.1108198,29036.74,71111,0.4181,33,0.034482759,0.409836065
491,36047057000,8472.309241,57,,257.8193693,343.5331666,32783.04,57200,0.3945,47,0.067551963,0.198887344
492,36047057100,46962.6663,31,,387.0901075,492.8738143,57228.68,58553,0.4565,38,0.042479908,0.305147059
493,36047057200,7866.889765,145,,,,52665.32,18459,0.4585,56,0.208640157,0.149034039
494,36047057300,45427.08352,25,,366.3796651,454.0328591,36158.13,70878,0.453,34,0.079656863,0.373493976
495,36047057400,7746.881305,12,,248.6973009,325.4553192,46869.14,83295,0.4412,42,0.066582915,0.231155779
496,36047057500,50007.41264,62,98,336.7191086,436.8528519,55707.89,79476,0.3676,32,0.053211009,0.415571776
497,36047057600,7717.940416,23,,296.7372004,334.6348948,50132.49,68950,0.4392,47,0.112198304,0.242926829
498,36047057800,8381.007388,37,,384.1996312,429.1360362,49022.9,37953,0.4916,42,0.031295488,0.232350312
499,36047057900,194379.4194,74,50,289.2855742,369.631141,3901.978,56500,0.4293,33,0.033195021,0.470954357
500,36047058000,7719.735901,35,,351.2536204,390.7033002,65288.05,40675,0.4566,47,0.053150685,0.287703016
501,36047058200,10288.64543,12,,367.6228485,406.7286393,50506.16,43750,0.4625,46,0.125389408,0.241035857
502,36047058400,11988.65599,72,,321.7613761,394.119322,45449.49,58975,0.4399,49,0.031491713,0.325694444
503,36047058600,5278.405748,24,,301.4468478,359.6298598,42119.29,56797,0.4101,47,0.062919463,0.213828425
504,36047058800,10165.10117,24,,276.1974494,346.8892383,56875.91,61964,0.4391,42,0.096143097,0.181686047
505,36047058900,114584.6068,26,,353.5676179,457.0530364,10600.67,82311,0.3679,37,0.057723577,0.255400254
506,36047059000,5120.15502,42,,270.7935707,332.1553834,30935.52,49792,0.4943,39,0.080796253,0.247706422
507,36047059100,50906.15062,42,,388.9779517,505.3655089,51850.28,76532,0.3785,38,0.060595322,0.367713005
508,36047059200,7081.549903,48,,275.472058,340.6485629,54313.86,61164,0.4782,49,0.077393966,0.148302561
509,36047059300,50223.25483,11,,333.646797,440.0090665,28032.91,73021,0.3933,41,0.094098884,0.370595383
510,36047059401,13581.98832,43,,264.3285908,330.2831583,47659.65,42067,0.5059,44,0.105514316,0.254130866
511,36047059402,10412.99542,36,,257.3492984,333.6060841,38688.3,68429,0.4324,45,0.089513109,0.14729064
512,36047059600,5588.945092,50,,248.0577385,310.8698464,36676.18,61422,0.4267,44,0.078008299,0.201809954
513,36047059800,6432.814465,20,,245.1305636,320.1414636,45295.15,63613,0.4689,39,0.114061557,0.112863071
514,36047060000,14205.16876,70,,264.5837721,312.5989426,35230.48,51845,0.4841,44,0.069318867,0.205982582
515,36047060600,5768.1733,60,,284.5517879,332.5260642,35575.5,29759,0.4999,44,0.103554869,0.2366757
516,36047060800,13533.75053,70,,297.26186,340.7445827,20259.85,50213,0.4828,45,0.068517425,0.340584636
517,36047061002,11042.91975,27,,453.7999308,516.8687622,50050,68750,0.5548,44,0.042477876,0.228215768
518,36047061003,3888.760577,24,,271.244077,318.3336321,59810.76,45202,0.4628,38,0.101604278,0.16635514
519,36047061004,10946.14628,57,,286.6966946,317.912432,71808.7,23583,0.5281,48,0.076738609,0.26179966
520,36047061200,6654.614413,21,,440.7003367,537.897581,11418.96,63333,0.5163,31,0.078431373,0.070652174
521,36047061600,24490.06342,25,,446.8645266,549.3948638,5518.964,103000,0.5145,43,0.038639876,0.108163265
522,36047062000,10751.04852,17,,510.2772237,615.4841989,15161.04,103929,0.471,39,0.0625,0.133540373
523,36047062200,8392.463199,35,,309.4361838,361.6529865,33539.41,52353,0.4979,48,0.063662375,0.305097451
524,36047062600,10273.68189,35,,241.2687196,322.0633525,21734.85,45547,0.4302,38,0.150943396,0.30148423
525,36047062800,24826.72871,48,,295.3370346,379.1826989,16934.15,70260,0.44,37,0.125,0.098895318
526,36047063200,3792.039278,8,,284.8129191,375.4744636,32154.86,60139,0.4729,41,0.070229008,0.159489633
527,36047063600,2642.310316,12,,322.0752258,395.1430342,30561.87,93214,0.3687,40,0.095744681,0.06504065
528,36047063800,6773.108422,6,,317.3322226,362.0587851,30681.24,69405,0.4319,45,0.039141414,0.218654435
529,36047064000,3545.713693,8,,378.5701459,411.2461399,34054.57,97241,0.4095,41,0.159744409,0.16609589
530,36047064200,11438.78206,29,,429.6187327,456.0134249,26817.67,59732,0.4917,38,0.037998146,0.201129944
531,36047064400,4607.482273,14,,350.1730288,394.4134741,36563.07,83125,0.4673,41,0.040898156,0.252858958
532,36047064600,3828.641667,6,,363.4055078,391.0048818,37559.17,89350,0.3798,39,0.08612874,0.166912851
533,36047064800,3502.377454,16,,353.6509788,360.7323098,32784.66,63393,0.3689,47,0.078212291,0.171032357
534,36047065000,8725.187111,12,,314.7561422,336.9104289,20598,51339,0.4391,44,0.054054054,0.190380762
535,36047065200,4050.424337,16,,376.9035374,415.3539586,18396.89,95368,0.3932,45,0.032986111,0.204868154
536,36047065400,3502.271253,10,,390.7883634,422.9601103,30169.21,89750,0.4542,40,0.044018059,0.055555556
537,36047065600,3549.712843,8,,403.4664133,434.4861799,30811.11,82250,0.4035,38,0.062352941,0.154213037
538,36047065800,3544.65204,16,,286.6701418,356.3035553,32998.64,81932,0.4318,42,0.067692308,0.185495119
539,36047066000,3520.518544,9,,291.6707323,376.5948128,34994.78,87708,0.4598,42,0.052023121,0.127753304
540,36047066200,5349.907318,25,,298.2928281,371.8039882,19346.97,80893,0.3675,43,0.082618026,0.149078727
542,36047067000,4813.964646,69,,232.9304055,304.4784443,34360.56,60857,0.4284,49,0.131949096,0.154158215
543,36047067200,9145.473218,30,,311.2420744,317.7483544,25255.2,63571,0.3549,48,0.123239437,0.189497717
544,36047067400,9931.520177,27,,318.7136922,336.9648355,26528.32,81964,0.3674,47,0.066303361,0.136655948
545,36047067600,8155.634079,32,,295.1327516,301.3516716,34288.91,75972,0.3388,52,0.083700441,0.112929624
546,36047067800,8724.951366,20,,241.2922615,249.5783246,37270.95,81847,0.2963,48,0.123372173,0.080738178
547,36047068000,8863.439328,33,,334.3592028,346.8458358,33053.75,69375,0.3662,50,0.106796117,0.23024055
548,36047068200,10614.78935,17,,272.4487107,318.2267687,38895.48,78875,0.396,42,0.083112758,0.160775371
549,36047068600,3421.294942,69,,222.940261,286.1242252,29048.69,51800,0.4057,46,0.124567474,0.254310345
550,36047068800,8228.871395,13,,254.3560892,326.1730273,30750.66,81750,0.3454,50,0.107368421,0.115321252
551,36047069000,9076.213997,30,,298.4993019,329.0032353,26976.39,78663,0.4378,43,0.092205323,0.163987138
552,36047069200,9544.729906,32,,277.5296499,309.4092501,40395.94,84674,0.3353,44,0.094629156,0.224009901
553,36047069601,9796.386641,27,,198.1559147,229.6136468,22854.29,53047,0.4221,47,0.160175268,0.281189399
554,36047069602,16856.79465,47,,264.010351,320.209915,25091.95,89375,0.4226,38,0.071022727,0.224713959
555,36047069800,11532.09141,171,,292.0270814,382.2934533,7496.857,73681,0.4068,39,0.035220126,0.253036437
556,36047070000,4666.49981,10,,282.1716986,358.5002996,23065.68,66250,0.4889,37,0.086560364,0.253687316
557,36047070201,23677.93114,32,,321.7593534,384.9116731,14504.35,59655,0.5249,38,0.101023891,0.170277296
559,36047070600,32343.58466,24,,290.5541234,369.9967463,4311.78,85515,0.4127,32,0.081320451,0.126470589
560,36047072000,8303.026796,22,,199.7822101,231.433471,32231.62,63000,0.3512,53,0.106031128,0.2
561,36047072200,13499.33006,60,,266.1919154,283.226566,29165.04,61286,0.3754,50,0.164784053,0.164937759
562,36047072400,10088.1891,35,,319.2775325,327.6173043,27464.18,76071,0.377,60,0.15146147,0.16993464
563,36047072600,14443.48757,36,,304.8575242,315.0234901,19860.21,82961,0.3706,43,0.141295206,0.05278174
564,36047072800,11130.40198,40,,255.5021351,283.7289008,49466.88,67102,0.4321,52,0.076182503,0.097134871
565,36047073000,9696.866734,46,,281.2028222,291.2569972,35750.66,93462,0.3994,50,0.135191638,0.122762148
566,36047073200,8398.317655,17,,287.2943007,296.0398681,46263.95,74018,0.3607,45,0.12802276,0.249403341
567,36047073400,7931.526721,31,,286.7285617,303.7285163,40399.73,84167,0.3799,47,0.060629921,0.03742515
568,36047073600,9360.685444,48,,275.6037796,295.0629918,52632.53,60051,0.5158,45,0.100969766,0.262815297
569,36047073800,9478.170064,27,,290.605084,305.1328099,51391.84,55714,0.4853,42,0.063400576,0.133606557
570,36047074000,8523.718127,64,,268.1543226,280.8354435,68008.16,60170,0.4005,47,0.086528497,0.168
571,36047074200,9150.890733,40,,339.5093567,389.9002876,53336.87,75952,0.3951,41,0.068986569,0.167023555
572,36047074400,8978.320046,15,,398.7348062,452.2826031,37854.47,102125,0.4962,31,0.054945055,0.182552504
573,36047074600,10553.43718,30,,337.6728385,363.8710633,29342.39,82188,0.4084,36,0.05573081,0.148260212
574,36047074800,10119.41276,24,,424.6089127,479.8923619,27961.17,61667,0.5136,37,0.061146497,0.199074074
575,36047075000,9940.418384,11,,390.0767191,443.4414635,43131.62,52774,0.4588,35,0.089689858,0.162891046
576,36047075200,9927.881825,6,,459.046379,478.5940733,15268.3,111429,0.4944,30,0.07424594,0.057823129
577,36047075400,9942.288607,12,,472.2684264,525.0667629,23487.38,86389,0.3912,29,0.06676783,0.172566372
578,36047075600,9947.108344,17,,485.2239343,510.7220584,29415.06,62935,0.454,32,0.060810811,0.183431953
579,36047075800,11765.02661,10,,498.99066,518.9274348,23230.12,84044,0.5249,38,0.10654828,0.160741886
580,36047076000,10407.98236,15,,444.2811278,509.4411625,42975.81,41364,0.6094,40,0.096685083,0.268129771
581,36047076200,10779.66896,25,,398.4443574,466.1339664,67145.23,46667,0.5027,41,0.013106796,0.287878788
582,36047076400,21400.10899,14,,401.6893602,504.0942547,65235.36,47364,0.4507,44,0.109640832,0.257731959
583,36047076600,10936.32392,33,,371.1824931,460.3484492,77375.34,59926,0.4294,44,0.0710466,0.272373541
584,36047076800,17388.09711,53,,358.1149434,417.2082947,28242.8,44858,0.5432,34,0.097368421,0.237455197
585,36047077000,21624.65198,37,,268.5576398,326.2093359,52375.86,54732,0.4588,43,0.117073171,0.190751445
586,36047077200,53547.61922,48,,356.0014505,397.6093171,18685.08,61117,0.4808,41,0.052429668,0.207381371
587,36047077400,19568.11386,43,,296.0986116,327.2155503,58420.39,49125,0.3801,42,0.04,0.278503046
588,36047077600,9792.268628,203,440,283.3459898,295.0118084,54925.34,62529,0.3492,43,0.086727989,0.252637749
589,36047078000,10175.50759,24,,276.1845742,308.3265468,40707.14,81299,0.3627,41,0.090973202,0.069958848
590,36047078200,10409.02497,38,,241.1086572,255.851509,72096.29,51975,0.3881,45,0.054819552,0.263157895
591,36047078400,10355.42239,33,,263.4601465,287.2976157,43407.02,93176,0.3977,45,0.045239703,0.125609757
592,36047078600,22656.37614,156,,228.2122007,255.9041778,74077.95,42482,0.4185,42,0.126043406,0.369552915
593,36047078800,20806.67618,94,,252.5682281,300.900254,53362.89,40188,0.484,45,0.071868583,0.293015332
594,36047079000,20859.21051,75,,232.8050683,265.1187026,74845.66,47500,0.4484,48,0.090694006,0.246613996
595,36047079200,24691.36772,108,,244.3511461,281.4396429,45072.68,37295,0.4347,49,0.16553288,0.265120133
596,36047079400,25317.26318,194,,239.0294083,273.5279246,22894.56,45227,0.4055,46,0.146964856,0.178343949
597,36047079601,17325.46152,74,,312.2283475,396.8526164,110920.1,46450,0.4207,41,0.105358436,0.274081959
598,36047079602,21184.85928,107,,272.948171,342.3068732,89061.17,38227,0.4326,44,0.104651163,0.339328537
599,36047079801,20351.23941,49,,442.1750949,583.7499462,57639.62,61250,0.4896,47,0.162057522,0.241673122
600,36047079802,16692.96567,76,254,353.472231,456.5743535,145019.1,53221,0.3895,40,0.156935346,0.27119359
601,36047080000,27256.25443,60,87,379.9820641,481.7673895,56622.76,55833,0.5092,45,0.118312757,0.231634183
602,36047080200,29071.26372,93,,348.334277,428.5588139,70341.28,41607,0.5041,43,0.132190942,0.330490405
603,36047080400,29779.46261,75,,273.256436,297.1098697,44795.93,31941,0.6064,43,0.157832043,0.402234637
604,36047080600,26098.02881,83,,301.5582439,345.2171253,66050.54,39194,0.425,38,0.098039216,0.265676568
605,36047080800,50506.19452,103,,,,10107.68,9829,0.31,40,0.62745098,0.182692308
606,36047081000,25488.54517,53,,261.6197496,297.6879199,34986.91,40698,0.4788,44,0.113513514,0.271788991
607,36047081400,10525.38647,45,,241.92028,266.6009996,42630.23,48415,0.4629,46,0.155684287,0.268415741
608,36047081600,11111.54327,68,,259.1263683,269.97735,41119.16,45125,0.4228,46,0.113115892,0.220930233
609,36047081800,17993.69641,79,,221.2539486,263.2176934,72311.3,44954,0.4241,47,0.07972028,0.33929673
610,36047082000,23320.02799,110,,232.9890758,287.5468073,84636.48,36472,0.6111,47,0.139977178,0.335297268
611,36047082200,26656.96075,89,,256.5131432,315.3033666,116004.4,38997,0.4631,45,0.085059376,0.304900181
612,36047082400,24423.62253,77,,253.0246742,278.4230856,52236.21,44432,0.4638,50,0.164651163,0.346477052
613,36047082600,22685.42417,81,,217.0569,249.6931345,63484.24,44120,0.467,42,0.152806227,0.193114578
614,36047082800,17857.5548,87,,217.9915675,250.0034735,59957.41,47269,0.3921,47,0.068341121,0.28363047
615,36047083000,12481.42246,90,,261.339906,281.7226615,77307.52,45598,0.3969,40,0.043736983,0.317868627
616,36047083200,9001.544376,26,,274.1711174,301.6048664,41657.19,62083,0.3589,45,0.097495528,0.187070151
617,36047083400,7792.24448,26,,299.5757977,305.1576835,34000.35,57708,0.3659,47,0.109977324,0.090434783
618,36047083600,12876.1037,34,,246.7995139,254.4618588,24942.37,58068,0.4365,46,0.107049608,0.221192053
619,36047083800,10324.66425,35,,292.6094464,302.7668059,37342.92,66618,0.4013,50,0.055640244,0.122107969
620,36047084000,10517.4498,44,,265.8680967,287.5744433,34526.68,51331,0.4074,46,0.093419984,0.188295165
621,36047084600,14490.01184,28,,240.2969886,257.9062668,26501.77,48182,0.4535,47,0.071513707,0.186588921
622,36047084800,11965.54017,26,,243.5198988,264.3369858,30307.13,52232,0.4212,44,0.123986095,0.252268603
623,36047085000,8943.721125,48,,287.1152493,307.9760213,28655.66,75417,0.3881,48,0.066037736,0.121212121
625,36047085400,7962.757094,39,,284.2565375,316.0816189,39045.95,39819,0.4032,40,0.097264438,0.101596517
626,36047085600,9812.145315,36,,257.6796509,278.7593462,53711.16,52554,0.3609,42,0.100422833,0.301759134
627,36047085800,8254.687332,30,,245.2243623,287.3832581,46144.45,52083,0.3755,45,0.057251908,0.322303922
628,36047086000,10767.98094,75,,249.4231159,278.4424165,54906.1,42270,0.4038,43,0.096754057,0.083333333
629,36047086200,12195.99236,59,,231.6135132,265.7864206,55496.97,44018,0.4904,51,0.121586476,0.277829747
630,36047086400,13253.58263,38,,195.8118348,224.5879855,37463.84,42794,0.4458,40,0.196597353,0.184073107
631,36047086600,13621.27609,52,,204.8432392,229.2310886,52536.77,46438,0.4596,45,0.074026803,0.317886179
632,36047086800,15192.02855,77,,202.6213209,228.9834374,46257.2,47679,0.4181,48,0.091894977,0.314358538
633,36047087000,9631.039459,55,,232.4459061,246.7694869,53007.95,33750,0.4639,49,0.135290364,0.296950241
634,36047087200,9104.377477,51,,231.9103263,265.0406017,47962.74,42891,0.4245,44,0.12886969,0.129579982
635,36047087401,20495.06421,77,,248.0284471,278.8806803,61915.7,30150,0.4507,44,0.12795858,0.307069219
636,36047087600,22318.16037,51,,305.8333361,327.5652195,30832.97,40109,0.4834,46,0.052287582,0.349529781
637,36047087800,23761.45037,62,,197.0339288,215.80867,48168.32,40208,0.4178,47,0.110935024,0.265450861
638,36047088000,28636.82254,106,,234.549105,249.50164,45532.26,51827,0.3913,41,0.071069182,0.329804561
639,36047088200,17681.95487,75,,191.4682497,209.2239858,84896.74,46750,0.4023,44,0.089456869,0.169615385
640,36047088400,14538.88512,66,,173.8254624,194.2102258,76323.4,37853,0.4464,50,0.0808452,0.310774228
641,36047088600,15640.06372,84,,189.1456406,213.8058406,64445.27,45208,0.4521,50,0.119817768,0.355371901
642,36047088800,17378.70132,56,,199.274634,208.2618702,55430.36,43046,0.4284,52,0.113381995,0.272104181
643,36047089000,21617.02755,120,,179.812025,199.552597,70376.14,28688,0.4443,47,0.173988239,0.342300557
644,36047089200,15316.84966,175,,152.1412522,185.8637491,52652.35,25350,0.4258,51,0.1306332,0.257928118
645,36047089400,14684.57382,78,,232.0671755,242.7684697,56412.3,43159,0.4582,51,0.12492564,0.271952259
646,36047089600,12707.17887,90,,203.258523,223.8142055,59282.05,34482,0.4488,50,0.101754386,0.377333333
647,36047089800,13161.95097,45,,226.6032253,244.5299822,29816.65,38988,0.4541,53,0.177750907,0.27925117
648,36047090000,21045.61942,157,,230.3760084,257.8876936,56228.57,27716,0.5195,41,0.086175943,0.293998991
649,36047090200,16249.08908,84,,227.9100246,236.0953098,52816.4,42734,0.4848,42,0.192654193,0.152099886
650,36047090600,16698.45517,156,,179.3815259,167.3846558,57107.97,15674,0.5363,52,0.215339233,0.17787555
651,36047090800,25277.45426,279,,155.5663295,155.1167116,49616.76,12863,0.5245,44,0.213531968,0.239731143
652,36047091000,18080.46743,126,,232.6224118,205.5890364,74426.06,10746,0.4848,71,0.292712799,0.21701603
653,36047091200,14260.19279,186,,,,102631.9,20360,0.4554,49,0.230520977,0.25289824
654,36047091600,18387.55771,101,,226.2064322,243.9983303,57531.27,31105,0.4833,45,0.11969941,0.334331935
655,36047091800,17875.0248,45,,255.0983667,273.0106982,37781.37,27500,0.5117,48,0.152996845,0.173954373
656,36047092000,20055.98742,132,,248.3560931,271.9227035,37504.78,32292,0.5836,46,0.125181951,0.247491639
657,36047092200,13685.60801,33,,220.3731709,248.2366149,46437.52,39485,0.4012,53,0.134502924,0.276512176
658,36047092400,21461.35317,155,,229.6978028,223.4301704,35193.55,37266,0.4417,43,0.104230533,0.310344828
659,36047092800,13687.66693,50,,206.890953,224.8317896,44128.91,45762,0.4287,40,0.092578986,0.308385933
660,36047093000,16901.752,37,,220.1674382,229.1146898,34416.89,56014,0.3955,53,0.117912371,0.210843374
661,36047093200,17300.42452,42,,267.8879119,278.8855307,12368.63,83500,0.3713,38,0.139272271,0.110132159
662,36047093400,15469.05007,20,,269.4277527,282.9557077,35901.03,51648,0.4277,50,0.08961039,0.210050251
663,36047093600,14369.19325,25,,255.7067204,260.0750544,29520.09,71964,0.3674,45,0.025806452,0.074313409
664,36047093800,11409.0946,33,,226.3288662,247.7239126,43382.13,34018,0.481,40,0.136759582,0.372960373
665,36047094401,19621.80534,85,,234.8487222,251.5774321,27438.57,66167,0.4103,51,0.157827747,0.1672
666,36047094402,5608.520895,31,,,,70464.16,23417,0.4297,46,0.191278494,0.174563591
667,36047094600,24516.49055,28,,239.8647548,262.5243695,18291.85,60950,0.4737,43,0.107645875,0.10058309
668,36047095000,11561.61216,55,,227.597382,242.657678,34569.78,68854,0.403,49,0.110310421,0.163509472
669,36047095400,11303.14314,57,,230.146733,253.2304535,53017.9,72610,0.412,50,0.089422028,0.267782427
670,36047095600,11329.67669,41,,226.5028652,256.3223575,50342.89,65459,0.4472,51,0.064082886,0.165407855
671,36047095800,11176.74865,42,,275.86862,291.6442243,42434.54,62431,0.4201,50,0.088478367,0.162541254
673,36047096200,8524.523301,33,,264.5995304,291.5398862,26485.37,64750,0.3851,51,0.03003003,0.228796844
674,36047096400,8420.776135,36,,266.3298231,279.4767232,32444.34,51631,0.3989,44,0.073891626,0.232067511
675,36047096600,8641.471991,19,,288.9108886,305.4859899,33716.39,70625,0.4884,44,0.049192929,0.188579018
676,36047096800,7106.373868,23,,305.0543596,305.8997851,25740.16,62250,0.5266,42,0.117924528,0.089411765
677,36047097000,7794.496453,38,,294.7834925,312.6268504,34639.02,81548,0.4546,47,0.101746393,0.168115942
678,36047097400,12033.79141,98,,266.3089504,299.6406345,32247.84,56992,0.334,49,0.078565329,0.193377483
679,36047098200,16483.03577,86,,,,30901.61,19720,0.4834,48,0.142947103,0.169267707
680,36047098400,5380.094691,29,,182.6360924,241.7442531,46716.71,71146,0.386,49,0.049659202,0.13509061
681,36047098600,7437.794126,30,,195.1078514,255.0665922,55827.94,69375,0.3518,58,0.085271318,0.165242165
682,36047098800,7722.517162,43,,255.8466173,302.3679294,49851.45,59348,0.3936,42,0.09486166,0.359099804
683,36047099000,7807.480046,35,,305.6024703,315.3432335,24551.9,75208,0.5696,41,0.105736783,0.286334056
684,36047099200,6418.862342,23,,274.5964523,295.4015966,40465.55,66964,0.4067,51,0.097096189,0.157407407
685,36047099400,8296.174559,22,,191.5986827,248.1209367,30117.53,64043,0.3862,50,0.057142857,0.152857143
686,36047099600,9045.899295,25,,199.655262,244.542617,52143.01,64375,0.4389,52,0.144503546,0.215938303
687,36047099800,19962.5724,33,,180.7917347,219.3341366,22843.42,72143,0.3577,48,0.068433735,0.206980519
688,36047100400,6297.349491,19,,185.5671321,243.4011355,55524.68,66105,0.4007,48,0.094527363,0.173913043
689,36047100600,7254.022683,26,,229.9628847,296.2132773,43604.61,65096,0.4068,54,0.104895105,0.248235294
690,36047100800,7100.57294,30,,230.0368839,276.0670555,37189.18,60446,0.4611,52,0.127304653,0.190817791
691,36047101000,8170.923316,19,,245.8293223,280.5507865,30866.48,59840,0.4156,55,0.125121242,0.309037901
692,36047101200,7666.212219,22,,240.6548876,317.0063751,34541.55,64760,0.3527,47,0.10678733,0.232365145
693,36047101400,7389.30786,12,,226.9387501,302.40451,37440.62,60969,0.4122,49,0.091423948,0.203182375
694,36047101600,5360.908924,12,,201.7073474,259.5226489,36724.02,98208,0.3105,47,0.112097669,0.097664544
695,36047101800,11595.13616,18,,208.4399316,274.3276639,15801.02,73667,0.3802,48,0.039232781,0.182957393
696,36047102000,7488.869131,18,,229.0521226,300.7757151,35161.64,84563,0.4016,54,0.111214087,0.228243021
697,36047102200,7765.798968,24,,242.1538523,313.1915604,35068.83,57143,0.4349,53,0.078838174,0.076923077
698,36047102400,6825.275403,15,,211.4017384,279.7157781,38182.53,74009,0.314,51,0.147804054,0.181395349
699,36047102600,6481.636311,16,,187.4610518,244.2185669,47790.54,67955,0.3814,49,0.042335766,0.139772727
700,36047102800,40013.25722,53,,193.2613203,256.0778354,3886.638,62216,0.4003,52,0.135394456,0.201629328
701,36047103400,27334.2991,136,,,,15703.87,18158,0.5027,60,0.257246377,0.140047676
702,36047105801,20022.05598,47,,,,39857.75,25276,0.4672,52,0.138349515,0.122732769
703,36047105804,31574.33576,78,,166.030303,195.4646465,21810.48,27649,0.4262,51,0.152542373,0.162666667
704,36047107000,112063.9434,386,,198.1763399,250.0594117,980.5034,77768,0.3106,53,0.116573034,0.592672414
705,36047107800,17958.17304,40,,253.3895087,303.7267783,20391.47,59455,0.3774,55,0.122930464,0.204467354
706,36047109800,30390.50358,96,,222.7484657,250.5785931,6542.745,43664,0.4547,54,0.196428571,0.386023295
707,36047110400,26384.54566,221,,226.1751232,263.8405945,17219.44,44063,0.4535,50,0.114463177,0.273237679
708,36047110600,6063.31651,107,,,,67197.7,24564,0.5028,51,0.138731597,0.245679012
709,36047111000,4368.01525,62,,,,71461.28,16716,0.6146,53,0.221760797,0.250338295
710,36047111600,17712.68096,76,,230.1377933,247.5418837,19379.83,36175,0.5048,48,0.085123967,0.344594595
711,36047111800,5753.348949,70,,230.1134029,238.5991351,47648.03,33160,0.5288,42,0.168103448,0.218590398
712,36047112000,6132.724235,89,,228.0284112,256.796021,48220.57,21507,0.5421,42,0.164933135,0.382592928
713,36047112200,11033.87139,97,,219.8077895,250.6606144,59927.93,30987,0.4841,58,0.065384615,0.369740376
714,36047112400,6304.719265,120,,232.6386974,255.144967,49499.12,40707,0.5063,54,0.064202335,0.413520633
715,36047112600,11456.75414,87,,202.343227,227.1928515,58808.87,40323,0.4697,45,0.178234314,0.36328125
716,36047112800,12523.79957,75,,231.0038234,245.8679742,53840.61,34028,0.5171,42,0.141736402,0.383070301
717,36047113000,13183.65765,59,,253.6558084,276.8490997,58562.94,29038,0.4918,48,0.175317797,0.214490675
718,36047113200,13498.6929,45,,246.7394873,263.6105678,25058.71,49250,0.4232,42,0.094480823,0.138461538
719,36047113400,10431.68084,111,,232.6575617,210.5930423,52451.39,19205,0.5935,47,0.19005848,0.28280543
720,36047114201,11479.41643,42,,254.1929274,285.3772483,15254.06,45682,0.4468,42,0.086956522,0.310714286
721,36047114202,4319.709687,37,,217.5227867,245.227135,60254.44,41352,0.3834,50,0.10572337,0.276548673
722,36047114400,29202.25608,99,,229.2856834,232.4912748,15591.52,26429,0.4472,42,0.113131313,0.352331606
723,36047114600,6057.823911,72,,220.7246139,254.4011574,50456.73,30101,0.436,45,0.11952487,0.31372549
724,36047115000,5609.381204,40,,237.7131962,262.4210396,45434.94,40104,0.4538,45,0.121445042,0.40969163
725,36047115200,5889.334311,96,,251.4530267,277.6608471,50089.27,32500,0.54,46,0.085176085,0.264
726,36047115600,10869.53023,141,,175.6575085,188.5784075,67300.61,15854,0.5753,41,0.182356814,0.179796696
727,36047115800,10537.28759,82,,226.2786105,256.205611,49098.82,44142,0.4467,47,0.161440961,0.299667037
728,36047116000,5367.222631,48,,249.2911344,289.1765625,36588.32,26745,0.4901,47,0.088082902,0.19447641
729,36047116200,5084.828112,44,,252.7176142,285.7493287,37428.51,42829,0.4722,44,0.12923923,0.126530612
730,36047116400,6436.000713,135,,244.543735,272.7570351,44277.93,40357,0.5007,40,0.131661442,0.201342282
731,36047116600,5650.027208,67,,239.3787252,261.2964139,46553.88,33892,0.5101,43,0.146678171,0.307604994
732,36047116800,5103.126883,50,,246.3538389,269.7469626,28408.62,31983,0.4362,44,0.036775106,0.402482269
733,36047117000,5452.188844,50,,233.6417776,244.4803296,27042.54,35889,0.4487,37,0.161335188,0.307539683
734,36047117201,4886.591704,43,,217.0270291,230.9882906,50858.4,51042,0.459,50,0.099910794,0.256274769
735,36047117202,5744.773904,38,,235.6804525,245.7280756,53240.55,52260,0.4249,42,0.054545455,0.342516069
736,36047117400,8053.99232,87,,218.9373398,239.0247694,51931.41,53549,0.4182,41,0.062660503,0.28964253
737,36047117601,5764.703822,35,,225.9098043,255.4390198,51627.72,44088,0.4111,43,0.09078114,0.2545018
738,36047117602,5441.011807,51,,206.4342533,230.7830488,50431.27,28304,0.5228,43,0.08361204,0.284054911
739,36047117800,5306.976569,40,,230.9431792,251.4350707,30745.92,36061,0.5146,44,0.082010582,0.248987854
741,36047118201,4782.116818,27,,236.7293036,259.1442426,62584.15,42301,0.4269,41,0.054813774,0.406568516
742,36047118202,4704.171527,43,,239.6059488,261.1387682,57601.58,46048,0.5437,41,0.068235294,0.281179138
743,36047118400,7754.760116,65,,203.8579227,227.941976,68596.57,50319,0.4423,40,0.052505967,0.317988669
744,36047118600,4976.841148,54,,230.7153359,257.1251978,54939.8,41471,0.4899,44,0.093666369,0.294594595
745,36047118800,6597.835373,96,,204.573125,232.7395367,67120.99,30699,0.5644,41,0.075955998,0.263701351
746,36047119000,5313.883899,51,,231.1608711,260.8852436,48141.66,30565,0.4664,39,0.131078224,0.355714286
747,36047119200,8006.694051,58,,243.992903,273.4218904,37051.6,43182,0.4505,39,0.096868172,0.288954635
748,36047119400,6481.124255,106,,234.7358523,249.944434,51363.75,32136,0.4642,39,0.079483696,0.416515426
749,36047119600,10868.34067,145,,221.4903009,239.1452304,41098.05,32115,0.4813,40,0.0716946,0.273878021
750,36047119800,11586.74449,94,,216.6907584,228.0989295,28032.16,31225,0.4545,39,0.150643452,0.357345972
751,36047120000,5335.776498,72,,210.4019263,229.8933858,38369.17,32468,0.4111,45,0.10625,0.323432343
752,36047120200,5790.997796,34,,227.6943834,263.6249544,34808.44,47206,0.4641,40,0.050732807,0.14559387
753,36047120800,17123.34334,193,,206.86538,231.7715938,45903.57,32269,0.4717,43,0.118066561,0.21606738
754,36047121000,5696.283268,44,,,,68626.24,17139,0.551,45,0.237956204,0.125163827
755,36047121400,6032.895174,83,,,,67947.73,19264,0.5543,43,0.148148148,0.21361649
756,36047122000,37711.99085,101,,207.28226,236.3513167,13168.27,43125,0.5001,42,0.128472222,0.395260664
757,36047123700,80549.93663,108,,261.2012433,328.2102478,52563.8,30035,0.4208,28,0.047379032,0.296042618
758,36047150200,44806.73671,39,,563.159779,710.4671432,24051.45,100813,0.4356,38,0.05904059,0.342130066
759,36047152200,51645.37527,75,,401.3038159,516.8522778,24938.66,81618,0.4758,38,0.069381599,0.155844156